0.14367848205566405,1.4997040932413379e-05
0.14428553222099277,1.5518545058422163e-05
0.14489255469081588,1.5161292762609348e-05
0.14549954945202717,1.577841962872183e-05
0.14610651649152043,1.5095904951180176e-05
0.14671345579618944,1.5401800938354645e-05
0.14732036735292797,1.4426671607316925e-05
0.14792725114862978,1.6077939452477402e-05
0.1485341071701887,1.4895333130142101e-05
0.14914093540449846,1.7364919672931541e-05
0.14974773583845286,1.4823315858466539e-05
0.15035450845894571,1.5448849582909224e-05
0.15096125325287074,1.5226528001142529e-05
0.15156797020712176,1.5942250198817191e-05
0.15217465930859253,1.5703382240977892e-05
0.15278132054417684,1.5859143231503103e-05
0.15338795390076848,1.5195563979207827e-05
0.15399455936526121,1.6146659549436493e-05
0.15460113692454883,1.5288971309763987e-05
0.15520768656552511,1.652192913003759e-05
0.15581420827508385,1.4824187817890908e-05
0.15642070204011879,1.6085540254548542e-05
0.15702716784752374,1.6758881157482183e-05
0.15763360568419243,1.6521569432737118e-05
0.15824001553701875,1.7507136307921243e-05
0.15884639739289635,1.5784633498197602e-05
0.15945275123871908,1.6921501127868981e-05
0.16005907706138076,1.7245215659571545e-05
0.16066537484777507,1.6005268685518282e-05
0.16127164458479587,1.5632980072770304e-05
0.16187788625933688,1.3936480142162791e-05
0.16248409985829193,1.6174103879505158e-05
0.16309028536855477,1.5380026068811882e-05
0.16369644277701917,1.3841624306739316e-05
0.16430257207057894,1.504646320847934e-05
0.16490867323612787,1.5051115174346912e-05
0.16551474626055973,1.4092999655591879e-05
0.16612079113076825,1.601555367076115e-05
0.16672680783364729,1.5104118728112751e-05
0.16733279635609055,1.5433642593994874e-05
0.16793875668499186,1.3809305490101583e-05
0.16854468880724499,1.58010259667586e-05
0.1691505927097437,1.4759949020121184e-05
0.16975646837938183,1.4720962925897118e-05
0.17036231580305308,1.3885323942547191e-05
0.17096813496765131,1.7495640749663086e-05
0.17157392586007023,1.4730105912647006e-05
0.17217968846720363,1.3066008770572899e-05
0.17278542277594533,1.5658316761988806e-05
0.17339112877318907,1.4492426147142896e-05
0.17399680644582866,1.4933091880048514e-05
0.17460245578075789,1.4899584900352094e-05
0.17520807676487049,1.2329487082689668e-05
0.17581366938506027,1.4019181242013736e-05
0.17641923362822104,1.3710357483078715e-05
0.17702476948124649,1.5044708238569214e-05
0.17763027693103051,1.3665531259928399e-05
0.17823575596446678,1.5666648011229165e-05
0.17884120656844915,1.47251320705861e-05
0.17944662872987138,1.5004932816792223e-05
0.18005202243562723,1.2290501016019959e-05
0.18065738767261053,1.4625915378296028e-05
0.18126272442771499,1.4721315596837164e-05
0.18186803268783444,1.3589298685348574e-05
0.18247331243986264,1.3351618892290106e-05
0.18307856367069336,1.4866890989040531e-05
0.18368378636722041,1.1290601803906786e-05
0.18428898051633757,1.4014851152339495e-05
0.18489414610493862,1.1728822636172723e-05
0.18549928311991729,1.3851618182981204e-05
0.18610439154816744,1.2298118552367296e-05
0.18670947137658275,1.3185956378333958e-05
0.18731452259205708,1.2304763406219844e-05
0.18791954518148418,1.2484496570643906e-05
0.18852453913175782,1.4015571891592941e-05
0.18912950442977183,1.4639412209329267e-05
0.18973444106241993,1.3826779712314648e-05
0.19033934901659594,1.3853243016429951e-05
0.19094422827919363,1.1939472304487274e-05
0.19154907883710676,1.3960361313930737e-05
0.19215390067722909,1.2840622261892803e-05
0.19275869378645447,1.3659086516820747e-05
0.19336345815167663,1.4103460969416178e-05
0.19396819375978938,1.4490878273006568e-05
0.1945729005976865,1.3290093714870213e-05
0.19517757865226174,1.3663899413896401e-05
0.19578222791040889,1.4480401561808908e-05
0.1963868483590217,1.3352738473937891e-05
0.19699143998499402,1.3288208580944363e-05
0.1975960027752196,1.3861642840192615e-05
0.19820053671659218,1.3005480050922663e-05
0.19880504179600561,1.3835884891734583e-05
0.19940951800035361,1.384097351421504e-05
0.20001396531653001,1.2956737998531573e-05
0.20061838373142854,1.1903206863862053e-05
0.20122277323194299,1.3460569153456371e-05
0.20182713380496717,1.2889540670419687e-05
0.20243146543739482,1.4750239240297031e-05
0.20303576811611976,1.3231809819557703e-05
0.20364004182803574,1.3008491799745315e-05
0.2042442865600366,1.3068400521617981e-05
0.20484850229901602,1.3781402079686243e-05
0.20545268903186786,1.308844146502788e-05
0.20605684674548586,1.3930840110204252e-05
0.20666097542676379,1.3317875346059927e-05
0.20726507506259548,1.327367749858869e-05
0.20786914563987466,1.2344631157128249e-05
0.20847318714549515,1.4848053606062671e-05
0.20907719956635071,1.2574501674107416e-05
0.20968118288933513,1.5444096895235924e-05
0.21028513710134217,1.3577090758849904e-05
0.21088906218926562,1.2882007105968015e-05
0.21149295813999924,1.3750064302779053e-05
0.21209682494043686,1.5187893238157181e-05
0.21270066257747219,1.4149506171037659e-05
0.2133044710379991,1.4899853585619295e-05
0.21390825030891131,1.4846574320225822e-05
0.21451200037710261,1.3151875551648495e-05
0.21511572122946676,1.4345770318385619e-05
0.21571941285289756,1.364647973415056e-05
0.21632307523428881,1.2193806211236346e-05
0.21692670836053426,1.2324413871359741e-05
0.21753031221852767,1.4368930771565877e-05
0.21813388679516291,1.2578770188065411e-05
0.21873743207733368,1.390627735116533e-05
0.21934094805193377,1.4388634434520493e-05
0.21994443470585695,1.3591659627869767e-05
0.22054789202599703,1.3877415297198873e-05
0.22115131999924778,1.3149975013460712e-05
0.22175471861250298,1.4601491140508588e-05
0.2223580878526564,1.2910785174261624e-05
0.22296142770660185,1.4357151110001399e-05
0.2235647381612331,1.4053991172076976e-05
0.2241680192034439,1.407111272335e-05
0.22477127082012804,1.339085827440802e-05
0.2253744929981793,1.3936925156011435e-05
0.22597768572449151,1.3897004193511126e-05
0.22658084898595837,1.4112198094299888e-05
0.22718398276947369,1.1579814222130002e-05
0.22778708706193129,1.3853189818615227e-05
0.2283901618502249,1.3471612664616871e-05
0.22899320712124832,1.4394443789365812e-05
0.22959622286189535,1.4096855288211862e-05
0.23019920905905972,1.3298416599986227e-05
0.23080216569963521,1.485157895703344e-05
0.23140509277051566,1.3266565207153727e-05
0.23200799025859481,1.3561655589187515e-05
0.23261085815076646,1.4417313133545094e-05
0.23321369643392439,1.4486678347348048e-05
0.23381650509496235,1.4314992342635196e-05
0.23441928412077415,1.4569732125027621e-05
0.23502203349825351,1.3604374157710495e-05
0.2356247532142943,1.306939696561046e-05
0.23622744325579023,1.395752591435529e-05
0.23683010360963511,1.2636226955383619e-05
0.23743273426272274,1.3657845142170167e-05
0.23803533520194686,1.3726206899397392e-05
0.23863790641420127,1.4572659881288843e-05
0.23924044788637974,1.3895042093384268e-05
0.23984295960537605,1.5746161019898845e-05
0.24044544155808398,1.3712619056330898e-05
0.24104789373139732,1.3306417588243133e-05
0.24165031611220986,1.234116736120795e-05
0.24225270868741536,1.2283917737883654e-05
0.24285507144390761,1.4468085895028287e-05
0.24345740436858038,1.3368065896429745e-05
0.24405970744832745,1.4768924035525388e-05
0.24466198067004261,1.3377224266775812e-05
0.24526422402061962,1.3034710173202518e-05
0.24586643748695231,1.3936887348681473e-05
0.24646862105593437,1.3256050702403295e-05
0.24707077471445968,1.3890099032292896e-05
0.24767289844942195,1.300517357210268e-05
0.24827499224771502,1.4329913889483698e-05
0.24887705609623259,1.3068063248051288e-05
0.24947908998186849,1.5000066715013251e-05
0.2500810938915165,1.2895426970800242e-05
0.25068306781207039,1.2113649422625638e-05
0.25128501173042395,1.4624329703718338e-05
0.25188692563347093,1.3179174347882435e-05
0.25248880950810521,1.3164413732242022e-05
0.25309066334122043,1.4868431823039261e-05
0.25369248711971043,1.3904698696059464e-05
0.25429428083046901,1.6518963559557826e-05
0.25489604446038994,1.3574500269266783e-05
0.25549777799636697,1.4578568598514586e-05
0.25609948142529393,1.3298140888358596e-05
0.25670115473406452,1.3485070329890463e-05
0.25730279790957261,1.4870462518354186e-05
0.25790441093871197,1.4850774245884329e-05
0.25850599380837636,1.3763614324738412e-05
0.25910754650545947,1.409959131851829e-05
0.2597090690168552,1.4007540122366495e-05
0.26031056132945729,1.4507808098324798e-05
0.26091202343015951,1.3806524626104767e-05
0.26151345530585568,1.3694769739444005e-05
0.26211485694343956,1.4306155855371054e-05
0.26271622832980496,1.3306977375622737e-05
0.26331756945184553,1.424194785234804e-05
0.26391888029645522,1.3791043284988087e-05
0.26452016085052765,1.3387685587488703e-05
0.26512141110095672,1.4544510195562906e-05
0.26572263103463617,1.2238846570298059e-05
0.26632382063845977,1.4666021047279296e-05
0.26692497989932135,1.3122630045772467e-05
0.26752610880411459,1.3233258310647839e-05
0.26812720733973339,1.4139251966764325e-05
0.26872827549307143,1.4173440533731732e-05
0.26932931325102255,1.3407772716130079e-05
0.2699303206004805,1.3030395480901637e-05
0.27053129752833904,1.2854785275935077e-05
0.27113224402149205,1.4067241707133845e-05
0.27173316006683318,1.2606628785456134e-05
0.2723340456512563,1.3603086597828438e-05
0.27293490076165516,1.3220122535344763e-05
0.27353572538492354,1.3401932573426637e-05
0.2741365195079552,1.3999087093900518e-05
0.27473728311764395,1.2437778187207313e-05
0.27533801620088355,1.2984618985213125e-05
0.27593871874456777,1.1491219802426671e-05
0.27653939073559047,1.3463450724486117e-05
0.27714003216084537,1.4488816796722105e-05
0.27774064300722617,1.2562959944394967e-05
0.2783412232616268,1.4284926721348117e-05
0.27894177291094091,1.1797453071778568e-05
0.27954229194206237,1.3651070131190486e-05
0.28014278034188494,1.2648205348597547e-05
0.28074323809730239,1.2643522601760441e-05
0.28134366519520848,1.2671963382710179e-05
0.28194406162249702,1.3244332623443646e-05
0.28254442736606178,1.2660858302722028e-05
0.28314476241279651,1.4963801281276626e-05
0.28374506674959504,1.3923405928798779e-05
0.28434534036335113,1.3686224354292259e-05
0.28494558324095853,1.2193599087908203e-05
0.28554579536931107,1.2979775307167944e-05
0.28614597673530251,1.223337449590802e-05
0.28674612732582661,1.2735887316869817e-05
0.28734624712777718,1.282935622314222e-05
0.28794633612804799,1.4137051962339798e-05
0.28854639431353279,1.3266756946885697e-05
0.28914642167112542,1.4798031006372765e-05
0.28974641818771962,1.1961429176569728e-05
0.29034638385020917,1.4016782464608226e-05
0.29094631864548787,1.2545853783606708e-05
0.29154622256044943,1.3731249329757793e-05
0.29214609558198779,1.2661149397945835e-05
0.29274593769699653,1.298893369129119e-05
0.29334574889236953,1.2117243375673074e-05
0.29394552915500061,1.3536226543283241e-05
0.29454527847178347,1.3714266299736244e-05
0.29514499682961193,1.4079987031721274e-05
0.29574468421537986,1.29752996698818e-05
0.29634434061598086,1.4013157744368436e-05
0.2969439660183088,1.3979306450967717e-05
0.29754356040925745,1.4017357670026946e-05
0.29814312377572061,1.2389763879764323e-05
0.298742656104592,1.2689413864091321e-05
0.29934215738276548,1.2059534665113525e-05
0.29994162759713483,1.4980592578454793e-05
0.30054106673459374,1.4201482486064311e-05
0.30114047478203609,1.3948980522314949e-05
0.30173985172635559,1.4094509736175433e-05
0.30233919755444605,1.4569747515512392e-05
0.30293851225320123,1.3913619162107856e-05
0.30353779580951495,1.3955027774569355e-05
0.30413704821028092,1.3931131205428062e-05
0.30473626944239302,1.4376625253448452e-05
0.30533545949274493,1.3702387275791336e-05
0.30593461834823044,1.3868417858060885e-05
0.30653374599574346,1.3700034690505896e-05
0.30713284242217759,1.3256533523581888e-05
0.30773190761442676,1.3938228099489666e-05
0.30833094155938467,1.4024921987893792e-05
0.30892994424394504,1.3331141278490144e-05
0.30952891565500179,1.3818035581736275e-05
0.31012785577944862,1.2539155725050855e-05
0.31072676460417931,1.5240789037863901e-05
0.31132564211608771,1.3238186001920227e-05
0.31192448830206748,1.3332589769580282e-05
0.31252330314901244,1.3114161619933137e-05
0.31312208664381641,1.4049293020977933e-05
0.3137208387733732,1.3680637520148435e-05
0.31431955952457652,1.3086219057535339e-05
0.31491824888432018,1.1795920595015588e-05
0.31551690683949796,1.4905724509292262e-05
0.3161155333770036,1.2472227068428994e-05
0.31671412848373093,1.3821254446998477e-05
0.3173126921465737,1.3304693385525371e-05
0.31791122435242569,1.3132654702983879e-05
0.31850972508818071,1.4652869874602858e-05
0.31910819434073251,1.3981237777013628e-05
0.31970663209697486,1.4974247204616165e-05
0.32030503834380164,1.3287955272384746e-05
0.32090341306810649,1.2331479984451813e-05
0.32150175625678329,1.4051094196785292e-05
0.32210006789672568,1.2255148019937206e-05
0.32269834797482766,1.2954308453933712e-05
0.32329659647798281,1.4061440743967223e-05
0.32389481339308501,1.4329576615917002e-05
0.32449299870702802,1.2228669339114313e-05
0.32509115240670566,1.262935958082958e-05
0.32568927447901164,1.2796984215578344e-05
0.32628736491083976,1.2463176431476287e-05
0.32688542368908385,1.427072591375306e-05
0.32748345080063762,1.3141652142121864e-05
0.32808144623239488,1.1573277115447996e-05
0.32867940997124939,1.2325249363478378e-05
0.32927734200409498,1.2824635668975156e-05
0.32987524231782539,1.3095070928395653e-05
0.3304731108993344,1.3043753783794804e-05
0.33107094773551582,1.4083221287468239e-05
0.33166875281326336,1.3192532636998423e-05
0.33226652611947088,1.4047852907789308e-05
0.33286426764103216,1.1678869976323398e-05
0.3334619773648409,1.243327177584023e-05
0.33405965527779097,1.5193426874486282e-05
0.33465730136677607,1.4793808677646242e-05
0.33525491561869009,1.1869915357840933e-05
0.33585249802042666,1.3356440167267276e-05
0.33645004855887967,1.2093125637371376e-05
0.33704756722094281,1.4137175099995103e-05
0.33764505399350997,1.2109672024557212e-05
0.3382425088634749,1.3660305467737559e-05
0.33883993181773131,1.3121465637322882e-05
0.33943732284317307,1.3466332316181622e-05
0.34003468192669389,1.2701063347862897e-05
0.34063200905518759,1.3692417167935742e-05
0.34122930421554792,1.1936522124492276e-05
0.34182656739466871,1.3933315819367821e-05
0.34242379857944366,1.2814657196995213e-05
0.34302099775676664,1.4018270121458003e-05
0.34361816491353137,1.2683321771257954e-05
0.34421530003663164,1.3907465514224017e-05
0.34481240311296124,1.2488222025470982e-05
0.34540947412941392,1.3212229294258385e-05
0.34600651307288355,1.4504957301376001e-05
0.34660351993026384,1.3769630796023285e-05
0.34720049468844849,1.201819599249261e-05
0.34779743733433144,1.3174116506371511e-05
0.34839434785480639,1.3568668504464871e-05
0.34899122623676709,1.353821240490779e-05
0.34958807246710738,1.3443632294889117e-05
0.35018488653272101,1.4212503587268213e-05
0.35078166842050179,1.3626967790262136e-05
0.35137841811734344,1.4543813224695744e-05
0.35197513561013977,1.3639283463931343e-05
0.35257182088578459,1.3880113520175352e-05
0.35316847393117168,1.311251438341637e-05
0.35376509473319478,1.3604144617537162e-05
0.35436168327874767,1.298002860195038e-05
0.35495823955472411,1.4627579363727243e-05
0.35555476354801796,1.3964232323258305e-05
0.35615125524552294,1.4797686713334239e-05
0.3567477146341328,1.3767975195382179e-05
0.35734414170074141,1.5241218675004955e-05
0.35794053643224255,1.3917360014308291e-05
0.35853689881552991,1.4969495862590987e-05
0.35913322883749732,1.2387603020433665e-05
0.35972952648503853,1.2036206254364761e-05
0.36032579174504736,1.3258526418455441e-05
0.36092202460441758,1.4993882286159889e-05
0.36151822505004294,1.2994352554089324e-05
0.36211439306881726,1.3886374922118322e-05
0.36271052864763431,1.3453242712332838e-05
0.36330663177338784,1.3240401396829514e-05
0.36390270243297168,1.2850371214365178e-05
0.36449874061327953,1.3076555435388311e-05
0.36509474630120531,1.3957924756749631e-05
0.36569071948364268,1.5499867267166325e-05
0.3662866601474854,1.4007678650506563e-05
0.3668825682796274,1.3951149745769942e-05
0.36747844386696227,1.2911973344208905e-05
0.36807428689638388,1.4109117757177754e-05
0.36867009735478612,1.3396438095968592e-05
0.36926587522906257,1.3347458125502641e-05
0.3698616205061071,1.3142809537988199e-05
0.37045733317281349,1.2367676836777551e-05
0.37105301321607553,1.169982339183012e-05
0.37164866062278701,1.3214114435072826e-05
0.37224427537984173,1.4003348574609506e-05
0.3728398574741334,1.4180744551121479e-05
0.37343540689255583,1.3565947850866026e-05
0.3740309236220028,1.4581718889254477e-05
0.37462640764936805,1.3309406920220595e-05
0.37522185896154542,1.4348644883720698e-05
0.37581727754542871,1.224985228790578e-05
0.37641266338791163,1.3192900705311827e-05
0.377008016475888,1.4099652894234531e-05
0.37760333679625158,1.2587392539418164e-05
0.37819862433589618,1.1776990848463371e-05
0.37879387908171552,1.4170896236268679e-05
0.37938910102060347,1.6032108422071334e-05
0.37998429013945373,1.3282866663681466e-05
0.38057944642516006,1.3298976387365823e-05
0.3811745698646164,1.4005279886878236e-05
0.38176966044471633,1.195068513853455e-05
0.38236471815235373,1.291358277339571e-05
0.38295974297442248,1.3564192874067316e-05
0.38355473489781611,1.3626967790262136e-05
0.3841496939094286,1.3094956168641878e-05
0.38474461999615367,1.647142506071018e-05
0.38533951314488507,1.3833501532368203e-05
0.38593437334251668,1.372846009474805e-05
0.38652920057594214,1.4066222860073342e-05
0.38712399483205528,1.2441074011781931e-05
0.38771875609774997,1.2845688467528075e-05
0.38831348435991986,1.3490359049338644e-05
0.38890817960545881,1.3352447371825493e-05
0.38950284182126055,1.3434795800736391e-05
0.39009747099421893,1.3648472622135535e-05
0.39069206711122767,1.507542599014449e-05
0.39128663015918064,1.2818903287219431e-05
0.39188116012497148,1.4597881803864971e-05
0.39247565699549403,1.4126307903638854e-05
0.39307012075764208,1.4749381310667439e-05
0.39366455139830941,1.2934313681978111e-05
0.39425894890438978,1.5432394206761039e-05
0.39485331326277701,1.4595965875192413e-05
0.39544764446036484,1.4451999925953042e-05
0.39604194248404712,1.3732368911405579e-05
0.39663620732071758,1.3842690690572387e-05
0.39723043895726995,1.3112192493445858e-05
0.39782463738059809,1.3662735012335415e-05
0.39841880257759565,1.3758280785377035e-05
0.39901293453515663,1.3192303110602273e-05
0.3996070332401746,1.3245436814606666e-05
0.40020109867954345,1.5347968911080922e-05
0.40079513084015694,1.3706710339105152e-05
0.40138912970890883,1.3975114903210726e-05
0.40198309527269299,1.3942114499302e-05
0.40257702751840302,1.5190913351104175e-05
0.4031709264329329,1.3866157629461215e-05
0.40376479200317628,1.5125065124147643e-05
0.40435862421602697,1.6247831322381575e-05
0.40495242305837875,1.5959577527043713e-05
0.40554618851712543,1.4234667589567397e-05
0.40613992057916071,1.3827654377081517e-05
0.40673361923137852,1.5072092365128503e-05
0.40732728446067246,1.5540194098421397e-05
0.40792091625393639,1.4698737368547457e-05
0.40851451459806415,1.3785992483614757e-05
0.40910807947994943,1.3525482491470885e-05
0.40970161088648605,1.5996455959751838e-05
0.41029510880456782,1.3752041793390666e-05
0.41088857322108846,1.4488426311563515e-05
0.41148200412294178,1.5414514115793203e-05
0.41207540149702154,1.5941750640779181e-05
0.41266876533022151,1.4300277912226249e-05
0.4132620956094355,1.6639202248765513e-05
0.41385539232155732,1.3628791362248923e-05
0.4144486554534807,1.5689019129967906e-05
0.41504188499209943,1.639355226219684e-05
0.41563508092430734,2.4363660012227438e-05
0.41622824323699809,2.51134098458767e-05
0.41682137191706559,1.7482566536299074e-05
0.4174144669514035,1.6720370878742061e-05
0.41800752832690569,1.6824867912578785e-05
0.41860055603046592,1.7587431638449199e-05
0.41919355004897796,2.1980544854577369e-05
0.41978651036933556,2.8990122938628433e-05
0.42037943697843255,2.7542147566813269e-05
0.4209723298631628,1.6563690399661954e-05
0.42156518901041984,1.426123024917454e-05
0.42215801440709766,1.7552905791026512e-05
0.42275080604008997,1.4193757195657853e-05
0.42334356389629052,1.4822893252314189e-05
0.42393628796259314,1.3998742780196229e-05
0.42452897822589158,1.379094390883048e-05
0.42512163467307967,1.603347994007187e-05
0.42571425729105111,1.7013660084968487e-05
0.42630684606669972,2.1005668819613702e-05
0.42689940098691931,2.0282949090042586e-05
0.42749192203860359,2.1582820176453284e-05
0.42808440920864643,1.5469288029953936e-05
0.42867686248394155,1.6280847123663649e-05
0.42926928185138274,1.7252627417243245e-05
0.42986166729786379,1.7002539600718394e-05
0.43045401881027845,1.5732864299610507e-05
0.43104633637552053,1.6606455146527814e-05
0.43163861998048381,1.3030794330184567e-05
0.43223086961206203,1.4183564580877927e-05
0.43282308525714897,1.5976498988237602e-05
0.43341526690263849,1.8750471456346309e-05
0.43400741453542435,1.4923128798553339e-05
0.43459952814240027,1.6848579775237129e-05
0.43519160771046006,1.3962744680185701e-05
0.43578365322649748,1.4863618925963608e-05
0.43637566467740635,1.538901648158944e-05
0.43696764205008043,1.5510703661887265e-05
0.43755958533141348,1.4831844506220699e-05
0.43815149450829932,1.5898288923046159e-05
0.43874336956763171,1.4017242896495987e-05
0.43933521049630442,1.4737325958141095e-05
0.43992701728121125,1.5542041431905874e-05
0.44051878990924592,1.4009341284396676e-05
0.4411105283673023,1.5198982934549161e-05
0.44170223264227415,1.4190278016141375e-05
0.44229390272105518,1.4539260634985779e-05
0.44288553859053931,1.5064658190611614e-05
0.44347714023762014,1.3357988034515021e-05
0.44406870764919154,1.4847923442046942e-05
0.44466024081214733,1.4966054476627286e-05
0.44525173971338122,1.4664909829755849e-05
0.44584320433978702,1.4236345607053691e-05
0.4464346346782585,1.5091542733300684e-05
0.44702603071568947,1.4196600986911989e-05
0.44761739243897364,1.5615377038082601e-05
0.44820871983500488,1.3908722272470775e-05
0.44880001289067695,1.3664413029821707e-05
0.44939127159288356,1.3033016765231456e-05
0.44998249592851858,1.4963671124149488e-05
0.45057368588447572,1.2493103517734715e-05
0.45116484144764879,1.6974259771642491e-05
0.45175596260493156,1.4245680326646957e-05
0.45234704934321779,1.4764609357001686e-05
0.45293810164940135,1.3610282874936239e-05
0.45352911951037594,1.432799796769973e-05
0.45412010291303534,1.437055559123745e-05
0.45471105184427335,1.4489844021684125e-05
0.45530196629098374,1.4044557083214694e-05
0.45589284624006027,1.3462147787896464e-05
0.45648369167839681,1.1778730448554491e-05
0.45707450259288701,1.4256739242069399e-05
0.45766527897042475,1.5145190053230384e-05
0.45825602079790378,1.5380195384810072e-05
0.45884672806221788,1.308999771017714e-05
0.45943740075026079,1.2269103917539925e-05
0.46002803884892635,1.388130871648305e-05
0.46061864234510835,1.382110889249799e-05
0.46120921122570047,1.1792234285282382e-05
0.46179974547759661,1.2475024674451664e-05
0.46239024508769044,1.3697743687825285e-05
0.46298071004287583,1.517696449363905e-05
0.46357114033004654,1.3622047139127362e-05
0.46416153593609633,1.3914692565412755e-05
0.46475189684791895,1.3236783675395792e-05
0.46534222305240819,1.4134086384971442e-05
0.4659325145364579,1.4847777894435036e-05
0.46652277128696179,1.3021091562943669e-05
0.46711299329081374,1.2280515497013831e-05
0.46770318053490739,1.3695559073885526e-05
0.46829333300613663,1.2034374318253636e-05
0.46888345069139514,1.407404751974882e-05
0.46947353357757676,1.2785296917588225e-05
0.47006358165157525,1.4517916741209055e-05
0.47065359490028441,1.2983477000497328e-05
0.47124357331059802,1.3823346718029646e-05
0.47183351686940989,1.2184486895905022e-05
0.47242342556361377,1.4131703025605064e-05
0.47301329938010339,1.3781770134222471e-05
0.47360313830577255,1.4256463523553183e-05
0.47419294232751508,1.4054213679001294e-05
0.47478271143222472,1.3272114247744768e-05
0.47537244560679526,1.3603102002090376e-05
0.47596214483812055,1.4216304656755197e-05
0.47655180911309425,1.5950066478869005e-05
0.47714143841861018,1.4022538628527406e-05
0.47773103274156214,1.3259024643895987e-05
0.47832059206884392,1.5165484312088488e-05
0.47891011638734926,1.3471835171541193e-05
0.47949960568397199,1.4690982655601149e-05
0.4800890599456058,1.3938757112788322e-05
0.48067847915914463,1.4594678329087537e-05
0.48126786331148208,1.3027544683952831e-05
0.48185721238951201,1.400011430508536e-05
0.48244652638012825,1.3252924186938275e-05
0.48303580527022449,1.4378924647807763e-05
0.48362504904669457,1.2829042711073221e-05
0.48421425769643223,1.3153109906827247e-05
0.48480343120633129,1.2578395107168766e-05
0.48539256956328553,1.40597011438761e-05
0.48598167275418869,1.3794791156660359e-05
0.4865707407659346,1.4490388418578959e-05
0.48715977358541701,1.2232662141444685e-05
0.48774877119952964,1.4941460936618824e-05
0.48833773359516636,1.4283187135034174e-05
0.48892666075922092,1.402189486236356e-05
0.4895155526785871,1.3754387359204277e-05
0.49010440934015864,1.424009348561455e-05
0.49069323073082943,1.3618744288192317e-05
0.49128201683749317,1.4565478994665807e-05
0.49187076764704363,1.4860009582431401e-05
0.49245948314637461,1.4210479911425122e-05
0.49304816332237988,1.2900822078989275e-05
0.49363680816195327,1.4398321818165222e-05
0.49422541765198846,1.4144785609982005e-05
0.49481399177937929,1.3591767375040304e-05
0.49540253053101957,1.3873484056807567e-05
0.49599103389380306,1.3739565181624793e-05
0.49657950185462352,1.3792070503061515e-05
0.49716793440037471,1.4010031228903416e-05
0.49775633151795046,1.4026884108686412e-05
0.49834469319424451,1.4357887239739606e-05
0.49893301941615065,1.4390159891811636e-05
0.49952131017056273,1.4131235588022646e-05
0.50010956544437446,1.2788224680738035e-05
0.50069778522447961,1.4826418603284961e-05
0.50128596949777193,1.4284183572138069e-05
0.50187411825114525,1.4075335058965111e-05
0.50246223147149338,1.4398222442007613e-05
0.50305030914571003,1.4050657540172402e-05
0.50363835126068912,1.4224160097400213e-05
0.50422635780332425,1.4644531605890668e-05
0.50481432876050925,1.48450110693819e-05
0.50540226411913802,1.4059624184563681e-05
0.50599016386610418,1.3830298064479353e-05
0.50657802798830154,1.4528462040706199e-05
0.50716585647262402,1.2080373307089286e-05
0.50775364930596523,1.4911824966249972e-05
0.50834140647521897,1.3997814938280405e-05
0.50892912796727918,1.3839249304608688e-05
0.50951681376903946,1.440875235101999e-05
0.51010446386739372,1.6063177493045555e-05
0.51069207824923557,1.4099959386831688e-05
0.51127965690145893,1.4909380017390176e-05
0.51186719981095752,1.4046618559499153e-05
0.51245470696462514,1.4197903923501637e-05
0.51304217834935573,1.4528331890467647e-05
0.51362961395204276,1.5242138152796436e-05
0.51421701375958029,1.3530893003921859e-05
0.5148043777588619,1.5102034841871693e-05
0.51539170593678141,1.297634229910576e-05
0.51597899828023264,1.4099445764017798e-05
0.5165662547761094,1.4507455434273345e-05
0.51715347541130541,1.4110006460888292e-05
0.51774066017271458,1.3588034907629978e-05
0.51832780904723041,1.4607285104869137e-05
0.51891492202174694,1.4719683757693759e-05
0.51950199908315786,1.5349708504283459e-05
0.520089040218357,1.4285310187034869e-05
0.52067604541423806,1.3345158758697695e-05
0.52126301465769487,1.3295036796627359e-05
0.52184994793562112,1.619344085324183e-05
0.52243684523491074,1.4117248909450389e-05
0.52302370654245733,1.5788090267757474e-05
0.52361053184515494,1.4025451008081044e-05
0.52419732112989714,1.5135786759114807e-05
0.52478407438357766,1.4781301278022244e-05
0.52537079159309041,1.5632214513603653e-05
0.52595747274532911,1.431946795925557e-05
0.52654411782718757,1.5523984998579426e-05
0.52713072682555973,1.3455158641005393e-05
0.52771729972733894,1.4754884172915592e-05
0.52830383651941937,1.444826745165412e-05
0.52889033718869471,1.4924316968500612e-05
0.52947680172205869,1.4244714663624001e-05
0.5300632301064051,1.5494992787485838e-05
0.53064962232862767,1.5287063752104359e-05
0.5312359783756202,1.4551591699139748e-05
0.53182229823427651,1.4360316784337465e-05
0.53240858189149054,1.4762678037844365e-05
0.53299482933415576,1.4340681702793744e-05
0.53358104054916611,1.5069279361732478e-05
0.53416721552341528,1.4548740895302363e-05
0.53475335424379733,1.4318694029075989e-05
0.53533945669720562,1.3841824403707039e-05
0.53592552287053419,1.6295653896981184e-05
0.53651155275067686,1.3644709359978497e-05
0.53709754632452722,1.4532822897572785e-05
0.5376835035789792,1.588004912100067e-05
0.53826942450092652,1.4235426129262212e-05
0.53885530907726298,1.3283089177494375e-05
0.5394411572948824,1.3281786240904722e-05
0.54002696914067838,1.4299488584673323e-05
0.54061274460154496,1.4276903323134601e-05
0.54119848366437562,1.4180215551600005e-05
0.54178418631606451,1.559126632614133e-05
0.54236985254350512,1.5352973547888537e-05
0.54295548233359126,1.5835928239730445e-05
0.54354107567321686,1.2301552891304808e-05
0.54412663254927551,1.4546518480921229e-05
0.54471215294866127,1.4863872220746043e-05
0.5452976368582676,1.5544731290758007e-05
0.54588308426498855,1.4591428682855806e-05
0.5464684951557176,1.4198677853681215e-05
0.54705386951734869,1.5284435455191292e-05
0.54763920733677574,1.5199688276429251e-05
0.54822450860089234,1.4556596335947366e-05
0.54880977329659231,1.5096302453227383e-05
0.54939500141076947,1.4906191946874681e-05
0.54998019293031752,1.5121930244558284e-05
0.5505653478421304,1.4126131575057424e-05
0.55115046613310181,1.4271109358774052e-05
0.55173554779012546,1.4621915563382422e-05
0.55232059280009516,1.4713261417654122e-05
0.55290560114990472,1.3807973117194904e-05
0.55349057282644787,1.3397035690678144e-05
0.55407550781661852,1.3670866150830874e-05
0.55466040610731027,1.2844048243594559e-05
0.55524526768541704,1.2269686128653306e-05
0.55583009253783244,1.4940526068342587e-05
0.55641488065145051,1.3414402186386444e-05
0.55699963201316482,1.5271674760784858e-05
0.55758434660986922,1.3153853049148703e-05
0.55816902442845751,1.3972348085046182e-05
0.5587536654558235,1.2613212056703849e-05
0.5593382696788608,1.3982425940072314e-05
0.55992283708446333,1.2454033451614989e-05
0.56050736765952491,1.4473443188998777e-05
0.56109186139093925,1.3329494048861968e-05
0.56167631826560016,1.4533918717722874e-05
0.56226073827040124,1.3994274176159097e-05
0.56284512139223664,1.3115027906798484e-05
0.56342946761799972,1.4339654464054554e-05
0.56401377693458454,1.3907527083051661e-05
0.56459804932888491,1.1914856347633627e-05
0.56518228478779442,1.4225156541392694e-05
0.56576648329820689,1.2353368268234786e-05
0.56635064484701625,1.416143135954827e-05
0.56693476942111609,1.3122078622517206e-05
0.56751885700740035,1.4560811652090645e-05
0.56810290759276272,1.3413743015960646e-05
0.56868692116409691,1.4237342051046175e-05
0.56927089770829686,1.452770350101138e-05
0.56985483721225627,1.4310241007498606e-05
0.57043873966286884,1.3445532819299731e-05
0.57102260504702862,1.3897356864451168e-05
0.57160643335162897,1.2727557426059143e-05
0.57219022456356416,1.4085214168564625e-05
0.57277397866972746,1.4454482675254202e-05
0.57335769565701311,1.276784644998426e-05
0.57394137551231461,1.2460425010685096e-05
0.57452501822252577,1.4640554200933653e-05
0.57510862377454042,1.5413142584015483e-05
0.57569219215525247,1.4630943776601345e-05
0.57627572335155541,1.3227104669652588e-05
0.57685921735034318,1.304904951582623e-05
0.57744267413850958,1.3926441432230528e-05
0.57802609370294844,1.3759054715556614e-05
0.57860947603055335,1.3289734024458328e-05
0.57919282110821824,1.2702818331550194e-05
0.57977612892283681,1.3723111164901905e-05
0.58035939946130288,1.6220417759505263e-05
0.58094263271051039,1.3270436223369882e-05
0.58152582865735281,1.4017496191278425e-05
0.58210898728872418,1.3619985649065731e-05
0.5826921085915181,1.3971735092963268e-05
0.5832751925526285,1.365161452808532e-05
0.58385823915894897,1.4802254700417561e-05
0.58444124839737344,1.3758395552019405e-05
0.58502422025479561,1.4190952570163344e-05
0.58560715471810942,1.4132569305581826e-05
0.58619005177420846,1.3802256112146772e-05
0.58677291140998655,1.6013998784041571e-05
0.58735573361233751,1.4374012360797326e-05
0.58793851836815525,1.3951678752180015e-05
0.58852126566433316,1.5418438316046911e-05
0.5891039754877655,1.3693268057427733e-05
0.58968664782534574,1.5449017546370702e-05
0.59026928266396772,1.4337700734940625e-05
0.59085187999052524,1.4363229150113921e-05
0.59143443979191213,1.4451907569267263e-05
0.59201696205502208,1.4380695015091236e-05
0.59259944676674903,1.4973872116830927e-05
0.59318189391398646,1.6206867737545894e-05
0.59376430348362841,1.44736195244688e-05
0.59434667546256859,1.6507337823506771e-05
0.5949290098377007,1.4417458688045579e-05
0.59551130659591867,1.5261321187242508e-05
0.5960935657241162,1.5287623539483956e-05
0.59667578720918701,1.4928693222740558e-05
0.59725797103802492,1.2769118598715791e-05
0.59784011719752383,1.5617852747246171e-05
0.59842222567457737,1.4756416635901395e-05
0.59900429645607933,1.5995214585101253e-05
0.59958632952892355,1.5160203963653237e-05
0.60016832488000382,1.3104436422069871e-05
0.60075028249621387,1.5560519131360441e-05
0.60133220236444751,1.5304185310265974e-05
0.60191408447159855,1.3234653610811849e-05
0.60249592880456071,1.4939123755595326e-05
0.60307773535022768,1.7622792984879108e-05
0.60365950409549352,1.6276885102302812e-05
0.60424123502725169,1.4380403912978842e-05
0.60482292813239624,1.520688454664846e-05
0.60540458339782066,1.565313714814085e-05
0.6059862008104191,1.5244904970960986e-05
0.60656778035708503,1.4422417139621729e-05
0.60714932202471228,1.3543254849045362e-05
0.60773082580019477,1.3591108218391685e-05
0.60831229167042622,1.6525907879647107e-05
0.60889371962230032,1.3493033510817422e-05
0.60947510964271101,1.3956882134414262e-05
0.61005646171855188,1.6220049698080446e-05
0.61063777583671686,1.4639412209329267e-05
0.61121905198409965,1.3910102182150013e-05
0.61180029014759407,1.433720251638868e-05
0.61238149031409383,1.2050936089035647e-05
0.61296265247049286,1.412437659137012e-05
0.61354377660368487,1.322445261813041e-05
0.61412486270056355,1.4964958663365779e-05
0.61470591074802272,1.4370731926707471e-05
0.61528692073295621,1.4085681606147042e-05
0.61586789264225772,1.2652872711838473e-05
0.61644882646282118,1.4925183248477373e-05
0.61702972218154029,1.4352430562722922e-05
0.61761057978530864,1.413442366542673e-05
0.6181913992610204,1.4474247907036473e-05
0.61877218059556904,1.3278115321656284e-05
0.6193529237758485,1.394566228089514e-05
0.61993362878875247,1.4951278491167865e-05
0.62051429562117466,1.4939897692663499e-05
0.62109492426000912,1.6575761149561646e-05
0.62167551469214921,1.3843901277364851e-05
0.62225606690448909,1.5427872404909191e-05
0.62283658088392246,1.4939223131752935e-05
0.62341705661734292,1.418820114937215e-05
0.62399749409164451,1.4136853210024587e-05
0.62457789329372071,1.4605223628584676e-05
0.62515825421046567,1.3596181429721615e-05
0.62573857682877276,1.4576798238119702e-05
0.62631886113553614,1.435545770203034e-05
0.6268991071176494,1.487456307474368e-05
0.62747931476200625,1.3967151722283771e-05
0.62805948405550049,1.4128598920096644e-05
0.62863961498502607,1.5675515286351425e-05
0.62921970753747669,1.5129126507888909e-05
0.62979976169974616,1.428674328764024e-05
0.63037977745872797,1.5941712812783464e-05
0.63095975480131627,1.42294250484621e-05
0.63153969371440477,1.3774864966115648e-05
0.63211959418488706,1.4959938636073394e-05
0.63269945619965706,1.4774687205139234e-05
0.6332792797456086,1.2677212950175899e-05
0.63385906480963539,1.5124137275343233e-05
0.63443881137863112,1.5433942067120188e-05
0.63501851943948973,1.4461648150726708e-05
0.63559818897910503,1.3966139880917929e-05
0.63617781998437051,1.3745588679270088e-05
0.6367574124421802,1.3875292245198178e-05
0.63733696633942793,1.4915403521924053e-05
0.6379164816630073,1.3868019022555134e-05
0.6384959583998121,1.5015969329146654e-05
0.63907539653673628,1.5276717204922432e-05
0.63965479606067344,1.4490832094663677e-05
0.64023415695851749,1.4999707287745463e-05
0.64081347921716214,1.4751522443835628e-05
0.64139276282350111,1.5156315669479024e-05
0.64197200776442831,1.550910179223765e-05
0.64255121402683746,1.4030082193832089e-05
0.64313038159762237,1.2961340837740318e-05
0.64370951046367664,1.4446726089989496e-05
0.64428860061189441,1.4389233956657154e-05
0.64486765202916907,1.4441534596081556e-05
0.64544666470239476,1.398532134063263e-05
0.64602563861846485,1.3731357943512779e-05
0.6466045737642736,1.3708537212103617e-05
0.6471834701267144,1.4009316245754653e-05
0.64776232769268116,1.576051557941488e-05
0.64834114644906782,1.4697552790310307e-05
0.64891992638276785,1.4692067773639913e-05
0.6494986674806752,1.4085611769635293e-05
0.65007736972968366,1.5264732978451634e-05
0.65065603311668696,1.4872083959861888e-05
0.65123465762857902,1.4745249029571766e-05
0.65181324325225343,1.5386963501690228e-05
0.65239178997460412,1.3931058157456277e-05
0.65297029778252469,1.371176615537102e-05
0.65354876666290906,1.4232130720758345e-05
0.65412719660265095,1.4717823884222494e-05
0.65470558758864417,1.4250053501687771e-05
0.65528393960778264,1.5180696323166069e-05
0.65586225264695985,1.5533482452813284e-05
0.65644052669306985,1.3210792060499823e-05
0.65701876173300622,1.4204999118837285e-05
0.65759695775366289,1.3373179016109173e-05
0.65817511474193346,1.4714100093678431e-05
0.65875323268471186,1.2923037871075663e-05
0.6593313115688918,1.5044065491916486e-05
0.65990935138136719,1.4275809619158946e-05
0.66048735210903153,1.5657180672527174e-05
0.66106531373877897,1.431684666803716e-05
0.66164323625750299,1.4126447493999291e-05
0.66222111965209751,1.3941826893837207e-05
0.66279896390945625,1.5398319311150411e-05
0.66337676901647302,1.3220093107294041e-05
0.66395453496004164,1.4428107151046368e-05
0.66453226172705582,1.3544279938544894e-05
0.66510994930440936,1.3752601886623603e-05
0.6656875976789961,1.6653736057624571e-05
0.66626520683770973,1.6024165792559753e-05
0.66684277676744408,1.513456001995967e-05
0.66742030745509284,2.0329785277989148e-05
0.66799779888754995,1.9318829591769348e-05
0.66857525105170912,1.5950218581661873e-05
0.66915266393446404,1.3506178282617277e-05
0.66973003752270854,1.4147892761624328e-05
0.67030737180333655,1.4338879008741448e-05
0.67088466676324165,1.334525902348323e-05
0.67146192238931768,1.4524380232299578e-05
0.67203913866845844,1.3941038503132331e-05
0.67261631558755774,1.4548081573327608e-05
0.67319345313350931,1.3213526142713387e-05
0.67377055129320695,1.4375311643679545e-05
0.67434761005354449,1.3786191354413695e-05
0.67492462940141562,1.7236289389198354e-05
0.67550160932371406,1.9455552648821524e-05
0.67607854980733384,1.5306835095442483e-05
0.67665545083916845,1.609879230922806e-05
0.67723231240611192,1.372409481402983e-05
0.67780913449505786,1.4215566551369765e-05
0.67838591709290008,1.442966706643567e-05
0.6789626601865324,1.5551002605380044e-05
0.67953936376284851,1.3135855141271436e-05
0.68011602780874236,1.3650441139671574e-05
0.68069265231110765,1.4644648204897621e-05
0.68126923725683808,1.4997434327656248e-05
0.68184578263282758,1.2952115150728229e-05
0.68242228842596975,1.5217606953137554e-05
0.6829987546231584,1.4281772644639904e-05
0.68357518121128757,1.565158655714515e-05
0.68415156817725076,1.473308794960908e-05
0.68472791550794176,1.4167081921403428e-05
0.68530422319025452,1.4022911290151723e-05
0.68588049121108274,1.5681653552016807e-05
0.68645671955732002,1.5658832820607641e-05
0.68703290821586049,1.9409416338726529e-05
0.68760905717359766,1.7086725946413075e-05
0.68818516641742544,1.7219926523658227e-05
0.68876123593423744,1.5093707415798042e-05
0.68933726571092768,1.483974400490101e-05
0.68991325573438977,1.387501686146737e-05
0.69048920599151753,1.4932788156663991e-05
0.69106511646920477,1.5996338025736407e-05
0.69164098715434519,1.629133848551165e-05
0.69221681803383273,1.4263355009545224e-05
0.69279260909456108,1.6910232226220952e-05
0.69336836032342397,1.7395925396573683e-05
0.69394407170731531,1.8823524978950905e-05
0.69451974323312871,1.916475397462372e-05
0.69509537488775797,2.3545201287458465e-05
0.69567096665809702,0.00012956486333809644
0.69624651853103947,0.00071920435368809138
0.69682203049347924,0.00071381324422557649
0.69739750253231003,0.00014406994709246769
0.69797293463442567,3.0671642079147322e-05
0.69854832678671985,2.0108715169979919e-05
0.69912367897608652,1.6815225530706002e-05
0.69969899118941914,1.701199034481032e-05
0.70027426341361199,1.4995564002818278e-05
0.70084949563555832,1.6966348888880581e-05
0.70142468784215228,1.5874493264840022e-05
0.70199984002028748,1.653354343792007e-05
0.70257495215685772,1.9064849321740459e-05
0.70315002423875683,2.1463248157966721e-05
0.70372505625287862,1.7175844996894956e-05
0.70430004818611669,1.7765552366128653e-05
0.70487500002536496,1.7869860108437822e-05
0.70544991175751726,2.1094594030721797e-05
0.70602478336946728,0.00012546158592302152
0.70659961484810874,0.00034532479619531079
0.70717440618033556,0.00022519446064190622
0.70774915735304145,3.9483168343917461e-05
0.70832386835312022,2.1015161789376345e-05
0.70889853916746559,1.8519114394335577e-05
0.70947316978297148,1.6086631229265375e-05
0.71004776018653148,1.6450974492886979e-05
0.71062231036503942,1.7162031768851804e-05
0.71119682030538922,1.7965546116611773e-05
0.71177128999447448,1.578154133887962e-05
0.71234571941918912,1.7492290703629474e-05
0.71292010856642685,1.6099949603143273e-05
0.71349445742308137,1.8324991429753642e-05
0.71406876597604663,3.4915550786535067e-05
0.71464303421221631,6.3236601141103031e-05
0.71521726211848424,4.1249447291359114e-05
0.71579144968174413,1.9464543286167073e-05
0.71636559688888979,1.6448424862278591e-05
0.71693970372681493,1.6645189676382911e-05
0.71751377018241347,1.5472434114521596e-05
0.71808779624257923,1.6154598562439029e-05
0.71866178189420582,1.7166141321738072e-05
0.71923572712418704,1.6080064271573302e-05
0.71980963191941671,1.6409736126383145e-05
0.72038349626678866,1.8045364120299438e-05
0.72095732015319658,1.7421572429110407e-05
0.7215311035655344,1.6537745216608926e-05
0.72210484649069573,1.549211813535454e-05
0.72267854891557437,1.8295016667573162e-05
0.72325221082706426,1.5307791071732078e-05
0.72382583221205898,1.4487528102978356e-05
0.72439941305745237,1.6007584757150719e-05
0.72497295335013834,1.6279470942088584e-05
0.72554645307701049,1.6869178318210865e-05
0.72611991222496275,2.3948216414066482e-05
0.72669333078088871,0.0001243857827550724
0.72726670873168231,0.00025628764634825303
0.72784004606423724,0.00012937905171197823
0.72841334276544745,2.8999858120812094e-05
0.72898659882220651,1.7980424412767565e-05
0.72955981422140825,1.8263867731679826e-05
0.7301329889499466,1.4849028192563365e-05
0.73070612299471516,1.7750162356675746e-05
0.73127921634260784,1.6392492651224142e-05
0.73185226898051825,1.7369364015488595e-05
0.73242528089534031,1.4555495429263412e-05
0.73299825207396774,1.6208459131029892e-05
0.73357118250329434,1.5977609988081645e-05
0.73414407217021393,1.7503445209241203e-05
0.73471692106162023,1.6972110589847321e-05
0.73528972916440705,1.8295695966454996e-05
0.7358624964654682,2.0052673867102425e-05
0.73643522295169739,2.0740616882007046e-05
0.73700790860998844,2.9616789310880845e-05
0.73758055342723516,0.00016669624892458979
0.73815315739033127,0.00065815210759512526
0.73872572048617058,0.00057308033794615447
0.73929824270164679,0.00011391569868693097
0.73987072402365384,2.7965586855906465e-05
0.74044316443908542,2.1176064182489935e-05
0.74101556393483525,1.8726245323346737e-05
0.74158792249779715,1.7264561412125592e-05
0.74216024011486503,1.703949084305313e-05
0.74273251677293251,1.7941240829595442e-05
0.74330475245889338,1.8606069569662691e-05
0.74387694715964148,1.6387393390007362e-05
0.74444910086207061,1.7855442941294955e-05
0.74502121355307449,1.6312859092253057e-05
0.74559328521954693,1.7439973205073218e-05
0.74616531584838175,1.6671717332315679e-05
0.74673730542647265,1.789128850315381e-05
0.74730925394071335,2.0006537563896027e-05
0.74788116137799787,2.1283894404606133e-05
0.74845302772521971,2.2474572747396865e-05
0.74902485296927279,3.1749466298387236e-05
0.74959663709705104,0.00023613189560508786
0.75016838009544795,0.00086131535149332997
0.75074008195135744,0.00088095699421935117
0.75131174265167333,0.0007334535868475957
0.75188336218328922,0.00044383210298583548
0.75245494053309914,8.3064902377709098e-05
0.75302647768799669,2.9191615899502221e-05
0.7535979736348758,2.2038043512780891e-05
0.75416942836063006,1.8345832744501802e-05
0.7547408418521534,2.0241496259730539e-05
0.75531221409633953,1.9467461819985806e-05
0.75588354508008226,1.9941597849475561e-05
0.75645483479027531,1.7763371638730609e-05
0.7570260832138126,1.860733595540095e-05
0.75759729033758771,1.9358843207164736e-05
0.75816845614849471,1.9653843660051399e-05
0.75873958063342706,1.8712230777677956e-05
0.75931066377927869,2.1104851053805614e-05
0.75988170557294332,2.1295837300922727e-05
0.76045270600131498,2.3179943675288485e-05
0.76102366505128705,2.8721882959438357e-05
0.76159458270975355,3.5234621497437283e-05
0.76216545896360821,6.7768247178783076e-05
0.76273629379974484,0.00086865481087284018
0.76330708720505724,0.0030700695409892637
0.76387783916643914,0.0024318675607588351
0.76444854967078424,0.00042174709926654007
0.76501921870498646,7.7928435635305908e-05
0.76558984625593951,3.7935267056901301e-05
0.76616043231053721,2.9059681701106742e-05
0.76673097685567337,2.3853486385626409e-05
0.76730147987824171,2.3247030391954676e-05
0.76787194136513592,2.2241853276166361e-05
0.76844236130324994,2.0040512790584034e-05
0.76901273967947748,2.0751570069993149e-05
0.76958307648071234,2.2439205177127099e-05
0.77015337169384823,2.2786212732898529e-05
0.77072362530577898,2.8310816312642521e-05
0.77129383730339851,7.7411593542837012e-05
0.77186400767360031,0.00081208733670103843
0.7724341364032784,0.0014452336578941933
0.77300422347932651,0.00062014126416384829
0.77357426888863834,9.2309913392321562e-05
0.7741442726181077,3.429339438085035e-05
0.77471423465462841,2.5637394574013564e-05
0.77528415498509429,2.1922069541229994e-05
0.77585403359639893,1.9940314604605437e-05
0.77642387047543626,1.91605016013178e-05
0.77699366560910021,1.7866396136169645e-05
0.77756341898428416,1.8427210670467353e-05
0.77813313058788214,1.7375805018781462e-05
0.77870280040678796,1.5053114629912304e-05
0.77927242842789546,1.6105107361566024e-05
0.7798420146380981,1.7411357040656402e-05
0.78041155902429005,1.7388536312691533e-05
0.78098106157336478,1.5643702622542039e-05
0.78155052227221622,1.5667110427030456e-05
0.78211994110773808,1.7389416929198996e-05
0.78268931806682429,1.5673476073985481e-05
0.78325865313636844,1.6222733481197384e-05
0.78382794630326447,1.6529291068058443e-05
0.78439719755440607,1.8263154704201379e-05
0.78496640687668695,1.7685591545465624e-05
0.78553557425700105,1.648394315211262e-05
0.78610469968224206,1.6039287030638098e-05
0.7866737831393037,1.6767680014453103e-05
0.78724282461507999,1.7397837356041466e-05
0.78781182409646444,1.6392660240253154e-05
0.78838078157035085,1.6999703310448435e-05
0.78894969702363327,1.9328759346272627e-05
0.78951857044320517,1.8202232323753185e-05
0.79008740181596049,1.8202525863737103e-05
0.79065619112879293,1.8301055042503372e-05
0.79122493836859631,1.852093412800076e-05
0.79179364352226445,1.7336621435609346e-05
0.79236230657669116,2.0503569684577073e-05
0.79293092751876992,2.2514804532661166e-05
0.79349950633539501,2.9865435280359313e-05
0.79406804301345979,0.0002375589834741679
0.7946365375398583,0.00073272468215048359
0.79520498990148414,0.000535358020239319
0.79577340008523112,0.00010475683759436458
0.79634176807799317,3.2369022485735084e-05
0.79691009386666389,2.3279630154858553e-05
0.79747837743813721,2.1066732535301838e-05
0.79804661877930672,2.1465747197402325e-05
0.79861481787706634,2.3251617939874327e-05
0.7991829747183099,2.7666736658076555e-05
0.79975108928993099,0.00011350764278942353
0.80031916157882355,0.00048682069940327759
0.80088719157188126,0.00076841634079634509
0.80145517925599807,0.00076707600679529946
0.80202312461806757,0.00034262321942127793
0.80259102764498358,6.7315245993692513e-05
0.80315888832364002,2.8367998039970483e-05
0.80372670664093049,2.4768244346930846e-05
0.8042944825837488,2.2116175636347178e-05
0.8048622161389889,2.0550477522800779e-05
0.80542990729354424,2.1382884708941025e-05
0.80599755603430889,2.3145641180019942e-05
0.80656516234817666,2.0973193532817888e-05
0.80713272622204102,2.314622825998778e-05
0.80770024764279602,2.4030642549012802e-05
0.80826772659733537,2.7561640518173913e-05
0.80883516307255288,3.1531809574917697e-05
0.80940255705534214,0.00011321792604591452
0.80996990853259732,0.0006456091532537516
0.81053721749121177,0.00093957670656296278
0.81110448391807954,0.0015981949510356808
0.81167170780009423,0.0018210225661689579
0.81223888912414988,0.00056985909277508105
0.81280602787713996,9.8085620346349844e-05
0.81337312404595852,3.8734252357391866e-05
0.81394017761749915,2.7876618531877439e-05
0.81450718857865567,2.3450529759668659e-05
0.8150741569163219,2.3369923358387532e-05
0.81564108261739166,1.9556362686821609e-05
0.81620796566875864,1.8620528374879658e-05
0.81677480605731667,1.9210235747557645e-05
0.81734160376995957,1.9932850157496862e-05
0.81790835879358104,2.1337335478813873e-05
0.81847507111507478,1.8436788391225033e-05
0.81904174072133484,1.8708674577885055e-05
0.81960836759925471,1.8154225687098088e-05
0.8201749517357283,1.8281647699078185e-05
0.82074149311764955,1.683152092527573e-05
0.82130799173191193,1.6722021690780763e-05
0.82187444756540939,1.8958620658254104e-05
0.82244086060503574,1.7693408026319795e-05
0.82300723083768457,2.0022464062143997e-05
0.82357355825024992,1.7746002207450249e-05
0.82413984282962538,2.1739285535587114e-05
0.82470608456270489,2.1335079386467254e-05
0.82527228343638204,4.7743424057940225e-05
0.82583843943755075,0.00042200994422295958
0.82640455255310474,0.00085028873001902878
0.82697062276993782,0.00044202170877958961
0.8275366500749437,8.1687900698947317e-05
0.82810263445501631,3.0322512288017378e-05
0.82866857589704934,2.2660426004700588e-05
0.8292344743879364,1.9470950566029774e-05
0.82980032991457164,1.9014737314025153e-05
0.83036614246384854,1.9517766181895181e-05
0.83093191202266103,1.6097148065458642e-05
0.83149763857790271,1.8085268647316084e-05
0.83206332211646761,1.6519570533769689e-05
0.83262896262524932,1.5942007375033934e-05
0.83319456009114179,1.7930127958613526e-05
0.83376011450103849,1.7289000561296459e-05
0.83432562584183356,1.8762828684737693e-05
0.83489109410042051,1.6948652189019689e-05
0.83545651926369335,1.7665488035416002e-05
0.8360219013185457,1.7243946183612415e-05
0.83658724025187148,1.8157253309295563e-05
0.83715253605056417,1.8417582361981186e-05
0.83771778870151781,1.9007289734659173e-05
0.83828299819162622,2.0030389631376916e-05
0.8388481645077831,2.1538889155019174e-05
0.83941328763688217,2.9039762642662293e-05
0.83997836756581723,0.00017020466911287505
0.84054340428148211,0.00063964418755874651
0.84110839777077062,0.00058666657896011098
0.84167334802057636,0.00037406761447241794
0.84223825501779326,0.00086847054230297942
0.84280311874931513,0.00068486842695876179
0.84336793920203557,0.00015007390296766304
0.84393271636284861,4.128111583969416e-05
0.84449745021864786,2.5008964742009951e-05
0.84506214075632713,2.2640045817243215e-05
0.84562678796278024,2.0548498106139777e-05
0.846191391824901,2.010962055681889e-05
0.84675595232958301,1.9503164562286076e-05
0.84732046946372019,1.7943245014865802e-05
0.84788494321420638,1.9694444352831404e-05
0.84844937356793526,1.7706910848358573e-05
0.84901376051180055,2.1128116043901886e-05
0.84957810403269629,1.9805117743817759e-05
0.85014240411751585,2.087444617557199e-05
0.85070666075315338,2.3365302087037697e-05
0.85127087392650258,8.0677423006038739e-05
0.85183504362445706,0.00029770913545029617
0.85239916983391073,0.00028793209364794326
0.85296325254175731,8.2151838206003528e-05
0.85352729173489073,2.9416929420830121e-05
0.85409128740020457,2.0853386685788483e-05
0.85465523952459277,1.8773396109520508e-05
0.85521914809494903,1.7300155067769261e-05
0.85578301309816707,1.8126783686061241e-05
0.8563468345211408,1.9138326448804589e-05
0.85691061235076393,1.7653528272217873e-05
0.85747434657393018,1.6787036764122285e-05
0.85803803717753346,1.8307093420877872e-05
0.8586016841484676,1.6331117051240506e-05
0.85916528747362608,1.7758716636200945e-05
0.85972884713990294,1.743541042404077e-05
0.860292363134192,1.7441482531442427e-05
0.86085583544338684,1.765558304995262e-05
0.8614192640543813,1.7598090919203498e-05
0.86198264895406917,1.7713955798500816e-05
0.8625459901293443,1.7581342297779209e-05
0.86310928756710037,1.6674400820342703e-05
0.86367254125423132,1.7674386448681121e-05
0.86423575117763074,1.609713120072979e-05
0.86479891732419256,1.5941403431628865e-05
0.86536203968081027,1.7357445883045448e-05
0.86592511823437812,2.6314518252753753e-05
0.86648815297178949,6.3332311912289369e-05
0.86705114387993842,6.207865641583633e-05
0.86761409094571851,2.8072083235736969e-05
0.86817699415602367,1.9028919440542746e-05
0.86873985349774752,1.664266481438387e-05
0.86930266895778407,1.7694657545607065e-05
0.86986544052302683,1.7504258374582953e-05
0.87042816818036972,1.7412094842448821e-05
0.87099085191670655,1.6539824767043133e-05
0.87155349171893115,1.5771568897299351e-05
0.8721160875739371,1.7025811473128232e-05
0.87267863946861834,1.586461304830889e-05
0.87324114738986858,1.6327191946891827e-05
0.87380361132458162,1.6315928352524637e-05
0.87436603125965129,1.894517633169915e-05
0.8749284071819714,1.6853335082333926e-05
0.87549073907843555,1.6258142682652673e-05
0.87605302693593778,1.7962819943875704e-05
0.87661527074137158,1.680710654643636e-05
0.87717747048163086,1.738496324515603e-05
0.87773962614360934,1.5974992900280034e-05
0.87830173771420095,1.6997799257013848e-05
0.87886380518029938,1.644883539323016e-05
0.87942582852879847,1.666842093874364e-05
0.87998780774659191,1.6685756639705226e-05
0.88054974282057341,1.770856299643905e-05
0.88111163373763701,1.7801020068234192e-05
0.8816734804846762,1.7564098821759132e-05
0.88223528304858512,1.5113986419187716e-05
0.88279704141625714,1.5327793397714e-05
0.88335875557458621,1.7332956142271263e-05
0.88392042551046623,1.563405744803542e-05
0.88448205121079082,1.8205519757337968e-05
0.88504363266245378,1.5339350531688396e-05
0.88560516985234905,1.6050114271113588e-05
0.88616666276737011,1.629859265156304e-05
0.88672811139441099,1.6067449972075175e-05
0.88728951572036541,1.8009048479773276e-05
0.88785087573212718,1.6604856701884474e-05
0.88841219141659,1.7598770223682309e-05
0.88897346276064759,1.6431499692268573e-05
0.88953468975119387,1.5836307292587306e-05
0.89009587237512267,1.7575655955733521e-05
0.89065701061932756,1.7743234398362227e-05
0.89121810447070249,1.7182713400604147e-05
0.89177915391614127,1.7101813462783395e-05
0.89234015894253738,1.7795241501247001e-05
0.89290111953678497,1.5795857323676932e-05
0.89346203568577764,1.5056200749315748e-05
0.89402290737640921,1.5668728849958604e-05
0.8945837345955735,1.5951878632331239e-05
0.89514451733016398,1.70786991948346e-05
0.89570525556707492,1.5483814706368311e-05
0.8962659492931998,1.6373714022396609e-05
0.89682659849543245,1.5194886357008477e-05
0.89738720316066667,1.5986550034254419e-05
0.89794776327579617,1.6073228539062373e-05
0.89850827882771489,1.7020913524962639e-05
0.89906874980331641,1.5622500314061028e-05
0.89962917618949478,1.6564406732974093e-05
0.90018955797314348,1.5096650718226126e-05
0.90074989514115644,1.6240806981691076e-05
0.90131018768042737,1.6067449972075175e-05
0.90187043557785018,1.5998107168228818e-05
0.9024306388203186,1.6812885113423561e-05
0.90299079739472632,1.6818663680410749e-05
0.90355091128796716,1.6032778570152002e-05
0.90411098048693495,1.6315928352524637e-05
0.90467100497852349,1.6021221436177603e-05
0.90523098474962649,1.6639528103807654e-05
0.90579091978713766,1.6165685610857521e-05
0.90635081007795104,1.7714341563426245e-05
0.90691065560896,1.6980463556052264e-05
0.90747045636705881,1.6951570721116279e-05
0.90803021233914083,1.7876141439067757e-05
0.90858992351210011,1.8297976829133109e-05
0.90914958987283023,1.8234412592273943e-05
0.90970921140822514,2.0470718016319082e-05
0.91026878810517853,2.2764809110236189e-05
0.91082831995058411,3.2773287132060905e-05
0.91138780693133592,0.0002107011432348353
0.91194724903432756,0.00099358139866024793
0.91250664624645272,0.0010565562216867175
0.91306599855460535,0.00030493801366203953
0.91362530594567903,6.5375962073824825e-05
0.91418456840656781,3.0172931987822381e-05
0.91474378592416528,2.2423873657991575e-05
0.91530295848536525,2.2221623813439689e-05
0.91586208607706154,1.9193654712148602e-05
0.91642116868614787,1.8708255085224083e-05
0.91698020629951815,1.8615798013428932e-05
0.91753919890406599,1.8113062685542823e-05
0.91809814648668531,1.939012598971329e-05
0.91865704903426981,1.8286419695158724e-05
0.91921590653371321,2.1025460447089971e-05
0.91977471897190943,1.9944868420484182e-05
0.92033348633575229,1.9216768980097393e-05
0.92089220861213528,1.9910197018561002e-05
0.92145088578795253,4.1233109201316924e-05
0.92200951785009755,0.00016847137569240165
0.92256810478546425,0.00021407582635535818
0.92312664658094634,8.5681846466834134e-05
0.92368514322343775,2.8936318652562292e-05
0.92424359469983208,1.9603932968239572e-05
0.92480200099702325,1.7535205986823146e-05
0.92536036210190487,1.8708255085224083e-05
0.92591867800137095,1.7569877388746323e-05
0.92647694868231512,1.5755407354766554e-05
0.92703517413163117,1.6731985175602799e-05
0.92759335433621293,1.6697313773679622e-05
0.92815148928295399,1.5818971591625716e-05
0.92870957895874851,1.8598462312467345e-05
0.92926762335048985,1.7321399008296868e-05
0.92982562244507205,1.6726206608615608e-05
0.93038357622938894,1.4732600998032733e-05
0.930941484690334,1.7049806359898621e-05
0.93149934781480137,1.5218000624957259e-05
0.93205716558968454,1.6165685610857521e-05
0.93261493800187745,1.6414163991306976e-05
0.9331726650382739,1.6622192402846067e-05
0.93373034668576749,1.6281256950601457e-05
0.93428798293125215,1.6691535206692428e-05
0.93484557376162158,2.2285188050298855e-05
0.93540311916376973,2.9976460710257696e-05
0.93596061912459017,2.071341782978135e-05
0.93651807363097683,1.6350599754447817e-05
0.93707548266982321,1.626392124963987e-05
0.93763284622802356,1.4882843739699844e-05
0.93819016429247126,1.6627970969833258e-05
0.93874743685006035,1.6870670783295526e-05
0.93930466388768441,1.6061671405087984e-05
0.93986184539223738,1.6321706919511835e-05
0.94041898135061286,1.6391049723358192e-05
0.94097607174970488,1.6321706919511835e-05
0.94153311657640693,1.4836615203802275e-05
0.94209011581761293,1.7200049101565737e-05
0.9426470694602167,1.4900179440661441e-05
0.94320397749111207,1.5212222057970064e-05
0.94376083989719262,1.5512707541304293e-05
0.94431765666535228,1.6315928352524637e-05
0.94487442778248476,1.6177242744831917e-05
0.94543115323548388,1.6691535206692428e-05
0.94598783301124345,1.5761185921753752e-05
0.94654446709665718,1.7737455831375033e-05
0.94710105547861889,1.6778213711500378e-05
0.94765759814402251,1.6974684989065063e-05
0.94821409507976151,1.7252056204450501e-05
0.94877054627272983,1.7569877388746323e-05
0.94932695170982118,1.6610635268871672e-05
0.94988331137792947,1.6656863804769244e-05
0.95043962526394843,1.6131014208934338e-05
0.95099589335477175,1.684177794835954e-05
0.95155211563729336,1.7691227295477454e-05
0.95210829209840686,1.5697621684894586e-05
0.95266442272500629,1.7107592029770582e-05
0.95322050750398513,1.6795549412461961e-05
0.95377654642223741,1.7038249225924229e-05
0.95433253946665675,1.8234412592273943e-05
0.95488848662413695,1.5726514519830568e-05
0.95544438788157182,1.6541292465025311e-05
0.9560002432258552,1.7679670161503068e-05
0.95655605264388077,1.7743234398362227e-05
0.95711181612254248,1.651817819707652e-05
0.9576675336487338,1.6801327979449162e-05
0.95822320520934878,1.8673583683300903e-05
0.95877883079128101,1.74369703480408e-05
0.95933441038142453,1.7408077513104821e-05
0.95988994396667282,1.6997799257013848e-05
0.96044543153391992,1.7471641749963984e-05
0.96100087307005932,1.8517562374646589e-05
0.96155626856198517,1.6703092340666813e-05
0.96211161799659084,1.8193962623363572e-05
0.96266692136077048,1.7812577202208591e-05
0.96322217864141768,1.9702168607021921e-05
0.96377738982542627,1.918787614516141e-05
0.96433255489968994,2.1903802629143866e-05
0.96488767385110263,5.984009490009038e-05
0.96544274666655794,0.00021446876891048752
0.96599777333294978,0.0002291058790890569
0.96655275383717187,7.8857358854954806e-05
0.96710768816611803,2.793662656377726e-05
0.96766257630668207,2.1239267425616243e-05
0.96821741824575758,1.7379184678168839e-05
0.9687722139702386,1.8066834149645244e-05
0.96932696346701863,1.7621884491631097e-05
0.96988166672299181,1.7725898697400637e-05
0.97043632372505162,1.658752100092288e-05
0.97099093446009188,1.7107592029770582e-05
0.97154549891500652,1.7569877388746323e-05
0.97210001707668925,1.6928456453167491e-05
0.97265448893203366,1.4790386667904703e-05
0.97320891446793389,1.6755099443551593e-05
0.97376329367128345,1.9499918762470035e-05
0.97431762652897624,1.6379492589383803e-05
0.97487191302790599,1.6708870907654011e-05
0.97542615315496639,1.677243514451318e-05
0.97598034689705138,1.6870670783295526e-05
0.97653449424105476,1.6928456453167491e-05
0.97708859517387014,1.6003885735216016e-05
0.97764264968239134,2.2429652224978773e-05
0.97819665775351228,3.4697549938797432e-05
0.97875061937412655,3.4119693240077759e-05
0.97930453453112809,2.1655324248694411e-05
0.9798584032114106,1.7725898697400637e-05
0.9804122254018679,1.5917207230408066e-05
0.98096600108939369,1.8130398386504406e-05
0.9815197302608818,1.6685756639705226e-05
0.98207341290322614,1.8026384180734873e-05
0.98262704900332032,1.6200357012780705e-05
0.98318063854805815,1.7223163369514518e-05
0.98373418152433334,1.6275478383614256e-05
0.98428767791903993,1.5420250469509145e-05
0.98484112771907129,1.6252364115665471e-05
0.98539453091132156,1.7500534584899966e-05
0.98594788748268447,1.6287035517588655e-05
0.9865011974200536,1.731562044130967e-05
0.98705446071032288,1.5957657199318434e-05
0.98760767734038613,1.7552541687784736e-05
0.98816084729713705,1.6217692713742291e-05
0.98871397056746935,1.7610327357656708e-05
0.98926704713827696,1.5662950282971406e-05
0.98982007699645358,1.6327485486499026e-05
0.99037306012889303,1.4657479627199174e-05
0.99092599652248903,1.4657479627199174e-05
0.99147888616413549,1.8453998137787427e-05
0.99203172904072601,1.658752100092288e-05
0.99258452513915452,1.5322014830726796e-05
0.99313727444631461,1.7101813462783395e-05
0.99368997694910022,1.6604856701884474e-05
0.99424263263440515,1.7084477761821801e-05
0.99479524148912313,1.6061671405087984e-05
0.99534780350014784,1.5454921871432325e-05
0.99590031865437323,1.6194578445793507e-05
0.99645278693869299,1.5258450593867633e-05
0.99700520834000084,1.7171156266629752e-05
0.99755758284519069,1.5587828912137848e-05
0.99810991044115638,1.4836615203802275e-05
0.99866219111479138,1.6870670783295526e-05
0.99921442485298972,1.4877065172712653e-05
0.99976661164264524,1.5836307292587306e-05
1.0003187514706515,1.5264229160854831e-05
1.0008708443239023,1.6281256950601457e-05
1.0014228901892916,1.5212222057970064e-05
1.0019748890537132,1.6402606857332591e-05
1.0025268409040606,1.3848480248991633e-05
1.0030787457272279,1.7471641749963984e-05
1.0036306035101086,1.5922985797395257e-05
1.0041824142395965,1.6154128476883125e-05
1.0047341779025856,1.5189107790021276e-05
1.0052858944859695,1.7737455831375033e-05
1.0058375639766421,1.5628278881048232e-05
1.0063891863614971,1.6021221436177603e-05
1.0069407616274282,1.6315928352524637e-05
1.0074922897613294,1.6714649474641212e-05
1.0080437707500944,1.6500842496114927e-05
1.008595204580617,1.5824750158612914e-05
1.0091465912397908,1.6818663680410749e-05
1.0096979307145098,1.4900179440661441e-05
1.0102492229916675,1.5131322120149308e-05
1.0108004680581579,1.5379800500598767e-05
1.0113516659008748,1.590565009643367e-05
1.0119028165067119,1.7546763120797539e-05
1.0124539198625631,1.553004324226588e-05
1.0130049759553219,1.6310149785537439e-05
1.0135559847718822,1.7240499070476119e-05
1.0141069462991381,1.7015134957975444e-05
1.0146578605239831,1.6356378321435008e-05
1.0152087274333108,1.6425721125281372e-05
1.0157595470140153,1.6044335704126391e-05
1.0163103192529903,1.6229249847716687e-05
1.0168610441371293,1.5466479005406717e-05
1.0174117216533265,1.6500842496114927e-05
1.0179623517884757,1.5420250469509145e-05
1.0185129345294703,1.6812885113423561e-05
1.0190634698632042,1.4385886978800932e-05
1.0196139577765713,1.4143187165338668e-05
1.0201643982564652,1.5558936077201865e-05
1.0207147912897798,1.6252364115665471e-05
1.0212651368634091,1.5599386046112243e-05
1.0218154349642465,1.5015750780405376e-05
1.0223656855791861,1.5553157510214668e-05
1.0229158886951213,1.6691535206692428e-05
1.0234660442989461,1.6223471280729489e-05
1.0240161523775544,1.6027000003164801e-05
1.0245662129178399,1.7864584305093354e-05
1.0251162259066962,1.758721308970792e-05
1.0256661913310172,1.6321706919511835e-05
1.0262161091776969,1.5142879254123699e-05
1.0267659794336286,1.6581742433935689e-05
1.0273158020857065,1.5870978694510487e-05
1.0278655771208243,1.5842085859574504e-05
1.0284153045258757,1.5865200127523289e-05
1.0289649842877544,1.5356686232649982e-05
1.0295146163933544,1.7373406111181638e-05
1.0300642008295693,1.4663258194186373e-05
1.0306137375832929,1.7304063307335278e-05
1.031163226641419,1.5194886357008477e-05
1.0317126679908415,1.5732293086817766e-05
1.0322620616184541,1.6021221436177603e-05
1.0328114075111503,1.7812577202208591e-05
1.0333607056558245,1.6627970969833258e-05
1.0339099560393696,1.6223471280729489e-05
1.0344591586486804,1.5628278881048232e-05
1.0350083134706498,1.7754791532336623e-05
1.0355574204921723,1.5998107168228818e-05
1.0361064797001411,1.7124927730732183e-05
1.0366554910814503,1.7072920627847409e-05
1.0372044546229935,1.7020913524962639e-05
1.0377533703116646,1.5639836015022615e-05
1.0383022381343576,1.7003577824001042e-05
1.0388510580779657,1.6766656577525979e-05
1.0393998301293832,1.5738071653804967e-05
1.0399485542755038,1.644883539323016e-05
1.040497230503221,1.6073228539062373e-05
1.0410458587994287,1.6425721125281372e-05
1.0415944391510208,1.7107592029770582e-05
1.0421429715448913,1.7552541687784736e-05
1.0426914559679332,1.6252364115665471e-05
1.043239892407041,1.6367935455409404e-05
1.0437882808491084,1.6934235020154682e-05
1.0443366212810288,1.6685756639705226e-05
1.0448849136896963,1.7824134336182983e-05
1.0454331580620047,1.6691535206692428e-05
1.0459813543848475,1.8540676642595377e-05
1.0465295026451185,2.2995951789724051e-05
1.0470776028297122,2.7705483884289384e-05
1.0476256549255214,2.2631902069530652e-05
1.0481736589194401,1.6749320876564392e-05
1.0487216147983627,1.7980155644837294e-05
1.0492695225491824,1.83210910970819e-05
1.0498173821587933,1.7546763120797539e-05
1.0503651936140885,1.6443056826242966e-05
1.0509129569019628,1.8407769601889847e-05
1.0514606720093094,1.8182405489389177e-05
1.0520083389230219,1.70786991948346e-05
1.0525559576299945,1.7217384802527327e-05
1.0531035281171208,1.6599078134897273e-05
1.0536510503712946,1.7714341563426245e-05
1.0541985243794094,1.9309226051892544e-05
1.0547459501283598,1.7390741812143231e-05
1.0552933276050385,1.7263613338424896e-05
1.0558406567963403,1.7697005862464651e-05
1.0563879376891581,1.6310149785537439e-05
1.0569351702703862,1.7783684367272605e-05
1.0574823545269183,1.6015442869190405e-05
1.058029490445648,1.7477420316951182e-05
1.0585765780134693,1.8586905178492946e-05
1.059123617217276,1.7309841874322476e-05
1.0596706080439617,1.6339042620473422e-05
1.0602175504804201,1.7211606235540133e-05
1.0607644445135451,1.6737763742589997e-05
1.0613112901302308,1.7159599132655363e-05
1.0618580873173704,1.816506978842759e-05
1.0624048360618583,1.7055584926885816e-05
1.0629515363505877,1.4842393770789472e-05
1.0634981881704528,1.7841470037144573e-05
1.0640447915083469,1.6177242744831917e-05
1.0645913463511645,1.7575655955733521e-05
1.0651378526857986,1.599232860124162e-05
1.0656843104991436,1.8477112405736218e-05
1.0662307197780929,1.809572698458123e-05
1.0667770805095405,1.8089948417594028e-05
1.06732339268038,1.6327485486499026e-05
1.0678696562775054,1.7558320254771938e-05
1.0684158712878102,1.7246277637463313e-05
1.0689620376981881,1.6824442247397944e-05
1.0695081554955337,1.5963435766305638e-05
1.0700542246667397,1.8419326735864246e-05
1.0706002451987007,1.590565009643367e-05
1.0711462170783099,1.7367627544194437e-05
1.0716921402924613,1.6529735331050909e-05
1.072238014828049,1.5934542931369656e-05
1.0727838406719661,1.5998107168228818e-05
1.0733296178111069,1.8188184056376378e-05
1.0738753462323651,1.6275478383614256e-05
1.0744210259226348,1.6737763742589997e-05
1.074966656868809,1.7939705675926919e-05
1.0755122390577818,1.7032470658937024e-05
1.0760577724764473,1.7506313151887164e-05
1.0766032571116988,1.7061363493873013e-05
1.0771486929504308,1.5703400251881784e-05
1.077694079979536,1.5980771467267225e-05
1.0782394181859092,1.6235028414703885e-05
1.0787847075564436,1.5940321498356847e-05
1.0793299480780334,1.6639528103807654e-05
1.0798751397375719,1.6575963866948492e-05
1.0804202825219531,1.6500842496114927e-05
1.0809653764180707,1.6142571342908737e-05
1.0815104214128186,1.509087215123893e-05
1.0820554174930908,1.609056424002397e-05
1.0826003646457807,1.5836307292587306e-05
1.0831452628577822,1.609056424002397e-05
1.083690112115989,1.8043719881696459e-05
1.084234912407295,1.6183021311819111e-05
1.084779663718594,1.7292506173360882e-05
1.0853243660367795,1.8263305427209929e-05
1.0858690193487459,1.629859265156304e-05
1.0864136236413862,1.70786991948346e-05
1.086958178901595,1.7419634647079214e-05
1.0875026851162652,1.8124619819517209e-05
1.0880471422722913,1.4888622306687044e-05
1.0885915503565666,1.7217384802527327e-05
1.0891359093559851,1.5148657821110898e-05
1.0896802192574406,1.7217384802527327e-05
1.0902244800478269,1.5374021933611569e-05
1.090768691714038,1.5951878632331239e-05
1.0913128542429669,1.7321399008296868e-05
1.0918569676215084,1.5478036139381113e-05
1.0924010318365553,1.5524264675278685e-05
1.0929450468750022,1.7252056204450501e-05
1.0934890127237422,1.6934235020154682e-05
1.0940329293696696,1.4957965110533409e-05
1.094576796799678,1.5535821809253081e-05
1.0951206150006609,1.6367935455409404e-05
1.0956643839595126,1.4859729471751062e-05
1.0962081036631266,1.5137100687136508e-05
1.0967517740983967,1.6986242123039459e-05
1.0972953952522166,1.5899871529446472e-05
1.0978389671114803,1.6154128476883125e-05
1.0983824896630814,1.5085093584251731e-05
1.0989259628939134,1.4478344050596079e-05
1.0994693867908709,1.5333571964701191e-05
1.100012761340847,1.4981079378482195e-05
