1.436784820556639974e-01,3.507537849519519224e-13
1.442855322209927182e-01,1.391375302361858928e-13
1.448925546908158557e-01,2.430842653615761943e-13
1.454995494520271160e-01,1.641697730250160848e-13
1.461065164915203718e-01,3.025187608704636469e-14
1.467134557961893848e-01,1.085719615864474944e-13
1.473203673529279167e-01,2.087296527167755502e-14
1.479272511486297292e-01,1.644786700266289872e-13
1.485341071701886395e-01,0.000000000000000000e+00
1.491409354044984092e-01,1.754773769392510328e-13
1.497477358384528279e-01,2.877001054894141281e-13
1.503545084589456571e-01,1.952728895586005744e-13
1.509612532528706863e-01,1.451621301120405307e-13
1.515679702071217050e-01,7.769233966224098842e-16
1.521746593085924748e-01,7.842679060550427107e-14
1.527813205441767852e-01,1.508655315550060766e-13
1.533879539007684256e-01,2.085283552949314853e-13
1.539945593652611577e-01,1.387274324539969619e-13
1.546011369245487987e-01,2.649201865059989625e-13
1.552076865655250548e-01,6.676594789541419668e-14
1.558142082750837987e-01,6.511794806950822229e-15
1.564207020401187365e-01,1.411043460555292819e-13
1.570271678475236854e-01,2.238186489500814465e-13
1.576336056841923794e-01,1.336551259848674916e-13
1.582400155370186912e-01,1.494150235623372139e-13
1.588463973928962991e-01,1.454294012716713444e-13
1.594527512387190760e-01,3.100467522029403680e-13
1.600590770613807001e-01,1.302816774084191738e-14
1.606653748477750165e-01,2.409411544020202416e-13
1.612716445847958147e-01,3.379442940360551528e-14
1.618778862593368284e-01,2.943811676636523363e-14
1.624840998582918750e-01,0.000000000000000000e+00
1.630902853685547160e-01,9.220800289433978628e-14
1.636964427770191133e-01,1.193752034576807180e-13
1.643025720705789117e-01,1.241223724032588863e-13
1.649086732361278174e-01,1.797241203784719161e-13
1.655147462605596753e-01,7.335349246587911236e-15
1.661207911307682195e-01,2.988190072052500877e-14
1.667268078336472670e-01,1.099862081642463890e-13
1.673327963560905240e-01,7.593244292318277607e-14
1.679387566849918356e-01,1.981218362406487875e-13
1.685446888072449634e-01,4.849596846659671217e-14
1.691505927097436968e-01,1.964011238780683077e-13
1.697564683793817975e-01,1.796633263526830079e-13
1.703623158030530549e-01,1.800458204965521904e-13
1.709681349676512863e-01,1.301809466212496223e-13
1.715739258600701977e-01,1.244061681157082801e-13
1.721796884672036343e-01,3.972254634808879594e-14
1.727854227759453021e-01,1.083341562074109951e-13
1.733911287731890460e-01,1.357310110784328115e-13
1.739968064458286834e-01,1.067756515057129220e-13
1.746024557807578648e-01,1.549188129947026823e-13
1.752080767648704629e-01,1.742397845699126102e-13
1.758136693850602672e-01,1.910467467402682059e-13
1.764192336282210116e-01,1.934844487311097554e-13
1.770247694812464578e-01,1.385172317701277174e-13
1.776302769310304785e-01,1.089814854061946887e-13
1.782357559644667522e-01,4.005311568810685009e-14
1.788412065684491514e-01,1.689880376443884532e-13
1.794466287298713547e-01,9.803964082656995189e-14
1.800520224356272070e-01,0.000000000000000000e+00
1.806573876726104977e-01,2.345084566593471634e-13
1.812627244277149885e-01,2.951623380963192320e-13
1.818680326878344133e-01,6.201877613160022789e-14
1.824733124398626172e-01,6.152306455535087334e-14
1.830785636706933339e-01,2.371585787532192984e-13
1.836837863672204363e-01,1.275731677713335743e-13
1.842889805163375472e-01,4.314861832911056017e-13
1.848941461049385948e-01,2.744947776832165939e-13
1.854992831199172576e-01,3.140183569136324744e-13
1.861043915481674083e-01,1.159940741555657228e-13
1.867094713765827252e-01,2.641808058603282109e-13
1.873145225920570534e-01,3.096664802964763039e-13
1.879195451814841544e-01,1.668698163524632369e-13
1.885245391317578179e-01,2.592049840399367662e-13
1.891295044297718053e-01,1.756503854673739733e-13
1.897344410624199063e-01,2.400713221193216189e-13
1.903393490165959101e-01,2.802862917906491358e-13
1.909442282791936063e-01,1.563673168886756878e-13
1.915490788371067288e-01,2.539682533090102032e-13
1.921539006772290670e-01,2.424041758878425207e-13
1.927586937864544381e-01,2.912224908186036004e-13
1.933634581516766315e-01,2.464678249998202311e-13
1.939681937597893535e-01,1.767449346166692000e-13
1.945729005976864767e-01,2.299680509921726139e-13
1.951775786522617073e-01,2.938954954870321956e-13
1.957822279104088625e-01,2.392349610404109492e-13
1.963868483590216762e-01,9.563640865413208316e-14
1.969914399849940212e-01,2.510309079610576401e-13
1.975960027752196035e-01,1.862727507572016024e-13
1.982005367165922127e-01,2.098257359417660970e-13
1.988050417960056104e-01,1.742151825880624181e-13
1.994095180003536139e-01,2.075625411936114237e-13
2.000139653165300124e-01,1.390897549996203784e-13
2.006183837314285401e-01,2.993970669093502094e-13
2.012227732319429863e-01,2.881441066135109619e-13
2.018271338049671682e-01,1.600110730994978211e-13
2.024314654373948197e-01,2.280974347778826902e-13
2.030357681161197858e-01,2.407230873381920553e-13
2.036400418280357449e-01,1.761879318209992294e-13
2.042442865600365975e-01,3.123188175821519898e-13
2.048485022990160220e-01,1.438659647653740210e-13
2.054526890318678634e-01,5.738360240474827272e-14
2.060568467454858554e-01,4.585521701564638968e-14
2.066609754267638155e-01,1.655109251145274547e-13
2.072650750625954774e-01,1.973935428269577736e-13
2.078691456398746862e-01,2.685733105415071015e-13
2.084731871454951757e-01,1.827761860126590312e-13
2.090771995663507077e-01,2.967619652374333324e-13
2.096811828893351271e-01,1.376355999174974346e-13
2.102851371013421677e-01,2.693572468046964146e-13
2.108890621892656192e-01,5.289068552133808993e-14
2.114929581399992431e-01,2.072113030617212663e-13
2.120968249404368566e-01,3.339637779313026972e-13
2.127006625774722215e-01,2.141296251724069801e-13
2.133044710379990994e-01,1.462278579449484326e-13
2.139082503089113074e-01,1.465200172309858002e-13
2.145120003771026074e-01,1.803658026164606216e-13
2.151157212294667886e-01,2.149342288183492278e-13
2.157194128528975574e-01,1.725424632484768034e-13
2.163230752342888141e-01,1.792522998552293660e-13
2.169267083605342650e-01,0.000000000000000000e+00
2.175303122185277271e-01,4.388639956357111754e-14
2.181338867951629068e-01,1.408060313421114018e-13
2.187374320773336767e-01,2.352109329231194002e-13
2.193409480519337706e-01,5.458457648290171028e-14
2.199444347058569782e-01,0.000000000000000000e+00
2.205478920259970610e-01,2.244118395623269915e-13
2.211513199992477807e-01,4.583232739549646515e-14
2.217547186125029823e-01,6.911603727769658309e-14
2.223580878526564553e-01,1.343024594110116132e-13
2.229614277066018502e-01,5.410953792588214808e-14
2.235647381612330953e-01,2.925717962692893342e-13
2.241680192034438968e-01,8.994187497994469746e-14
2.247712708201280440e-01,1.352542531141140838e-13
2.253744929981792988e-01,4.823606098891837283e-14
2.259776857244915060e-01,0.000000000000000000e+00
2.265808489859583719e-01,1.534924779282069741e-13
2.271839827694737135e-01,0.000000000000000000e+00
2.277870870619312926e-01,2.734319831486540141e-13
2.283901618502248987e-01,5.346663911070559424e-14
2.289932071212483489e-01,1.246380390243093033e-13
2.295962228618953493e-01,5.940756128534053141e-14
2.301992090590597173e-01,0.000000000000000000e+00
2.308021656996352422e-01,8.404672640913536422e-14
2.314050927705156580e-01,1.526159930244987564e-13
2.320079902585948373e-01,2.738646812799585719e-13
2.326108581507664586e-01,1.569248196962185182e-13
2.332136964339243945e-01,2.497569113097688603e-13
2.338165050949623514e-01,1.698020119332552081e-13
2.344192841207741462e-01,2.791058466218501026e-13
2.350220334982535131e-01,1.366938906043931815e-13
2.356247532142942969e-01,1.546360201242294317e-13
2.362274432557902315e-01,9.003170700766518897e-14
2.368301036096351342e-01,2.134448873525049640e-13
2.374327342627227388e-01,1.242114906839056044e-13
2.380353352019468627e-01,2.176284079269970311e-13
2.386379064142012674e-01,9.905544518011913617e-14
2.392404478863797423e-01,1.714346088571624625e-13
2.398429596053760493e-01,2.394897159326848940e-13
2.404454415580839777e-01,2.784188907919032320e-13
2.410478937313973169e-01,2.462391777614813323e-13
2.416503161122098842e-01,1.348259881846578051e-13
2.422527086874153579e-01,6.658357145454063078e-14
2.428550714439076108e-01,9.831113272984903334e-14
2.434574043685803768e-01,4.152194939510055779e-13
2.440597074483274731e-01,2.842606117050151033e-13
2.446619806700426059e-01,1.864745808218867581e-13
2.452642240206196200e-01,3.527105139153277492e-13
2.458664374869523050e-01,1.690815848995230855e-13
2.464686210559343948e-01,3.236581767276037798e-13
2.470707747144596789e-01,1.494243942052616959e-13
2.476728984494219465e-01,2.282490566277693794e-13
2.482749922477150151e-01,2.474078205421022521e-13
2.488770560962325906e-01,1.112769390083099072e-13
2.494790899818684904e-01,2.171198939388290690e-13
2.500810938915165593e-01,3.517693046140938064e-13
2.506830678120704481e-01,1.825470331259702949e-13
2.512850117304240016e-01,2.994394073350706222e-13
2.518869256334709816e-01,1.574350460460759942e-13
2.524888095081052053e-01,2.722950921645191870e-13
2.530906633412204343e-01,1.581978106872873017e-13
2.536924871197104858e-01,2.728392925482759268e-13
2.542942808304690661e-01,2.584400013886807557e-13
2.548960444603899367e-01,2.178174341706470926e-13
2.554977779963670259e-01,1.826964397840587342e-13
2.560994814252939289e-01,2.521382581131468090e-13
2.567011547340645183e-01,2.130596780049646466e-13
2.573027979095726114e-01,8.511395555466816240e-14
2.579044109387119699e-01,2.446695886460418969e-13
2.585059938083763553e-01,2.771956037763970145e-13
2.591075465054594740e-01,2.646039224317404600e-13
2.597090690168551985e-01,3.836474877155565323e-13
2.603105613294572906e-01,3.012046767242888260e-13
2.609120234301595675e-01,2.328010495387911999e-13
2.615134553058556799e-01,2.792067602450760424e-13
2.621148569434395559e-01,1.631362309321564252e-13
2.627162283298049572e-01,2.417824501037659369e-13
2.633175694518455345e-01,1.767387848257656147e-13
2.639188802964552161e-01,2.806943893492254660e-13
2.645201608505276525e-01,1.471149258414058894e-13
2.651214111009567165e-01,3.009354014219299336e-13
2.657226310346361697e-01,8.198092852381486645e-14
2.663238206384597739e-01,2.338220050686255406e-13
2.669249798993213463e-01,2.062405571558047060e-13
2.675261088041145929e-01,1.842303396856627369e-13
2.681272073397333866e-01,2.777442387711213473e-13
2.687282754930714335e-01,2.190323533852103482e-13
2.693293132510225507e-01,2.521109381093843804e-13
2.699303206004805555e-01,2.395170373455638343e-13
2.705312975283390986e-01,1.823959126970730783e-13
2.711322440214920526e-01,2.293246521651312530e-13
2.717331600668331792e-01,4.122420247782581173e-13
2.723340456512562957e-01,1.624805297050720427e-13
2.729349007616551637e-01,2.246956324565378838e-13
2.735357253849235448e-01,2.377746547582597546e-13
2.741365195079552008e-01,2.689117448523594888e-13
2.747372831176439489e-01,2.749429962483492443e-13
2.753380162008835508e-01,2.097354039021754341e-13
2.759387187445677680e-01,2.973568738478588490e-13
2.765393907355904735e-01,7.535527134751361891e-14
2.771400321608453732e-01,3.031818605681905546e-13
2.777406430072262289e-01,2.892347211637088553e-13
2.783412232616268023e-01,1.945566110903584419e-13
2.789417729109409660e-01,2.778953620182597412e-13
2.795422919420624264e-01,2.889866160742087809e-13
2.801427803418850004e-01,1.396150017714411398e-13
2.807432380973024499e-01,8.866566454596621533e-14
2.813436651952085366e-01,2.357071402838866265e-13
2.819440616224970775e-01,1.467954437333703181e-13
2.825444273660618344e-01,1.118339403948606396e-13
2.831447624127965690e-01,2.296507868941763688e-13
2.837450667495950984e-01,1.490163008740431053e-13
2.843453403633511845e-01,2.952152643330326613e-13
2.849455832409585887e-01,1.776927951297936006e-13
2.855457953693111284e-01,2.254266438921384836e-13
2.861459767353025652e-01,4.086215394501661504e-14
2.867461273258266607e-01,3.021537524054765358e-13
2.873462471277772323e-01,1.057374603621170965e-13
2.879463361280480416e-01,1.972168147559930192e-13
2.885463943135328502e-01,2.874733863735879848e-13
2.891464216711254753e-01,2.812129806817981814e-13
2.897464181877196787e-01,9.841598095217242004e-14
2.903463838502092220e-01,1.613598729018417699e-13
2.909463186454879224e-01,2.105734829792633238e-13
2.915462225604494861e-01,9.624926803450935704e-14
2.921460955819878413e-01,1.756437328463644035e-13
2.927459376969965832e-01,1.465662936649227338e-13
2.933457488923696399e-01,2.973329856130823420e-13
2.939455291550006621e-01,1.564259921177018253e-14
2.945452784717835781e-01,8.124941707634141945e-14
2.951449968296120385e-01,2.446279354872483575e-14
2.957446842153799160e-01,2.275744031978682061e-13
2.963443406159809168e-01,2.351540734964332274e-13
2.969439660183088581e-01,1.521119192837779903e-13
2.975435604092575015e-01,1.172240109738484107e-13
2.981431237757206643e-01,1.242471798977329088e-13
2.987426561045920526e-01,0.000000000000000000e+00
2.993421573827655391e-01,0.000000000000000000e+00
2.999416275971348855e-01,1.353256315417687177e-13
3.005410667345937981e-01,5.754974607384457507e-14
3.011404747820361494e-01,1.831101871216630636e-13
3.017398517263556457e-01,1.401230115203811531e-13
3.023391975544461041e-01,7.677595522585398665e-14
3.029385122532012864e-01,6.279040858563274662e-14
3.035377958095150097e-01,2.117721666038027870e-13
3.041370482102809802e-01,1.820067687504354529e-13
3.047362694423930707e-01,2.526908248887273230e-13
3.053354594927449872e-01,1.144346716299633103e-04
3.059346183482305470e-01,7.417799820875517448e-05
3.065337459957435118e-01,1.513599010049714228e-04
3.071328424221776432e-01,1.012628432785210212e-04
3.077319076144268140e-01,9.431236805358993917e-05
3.083309415593847302e-01,7.710596353064927075e-05
3.089299442439450982e-01,7.146326146750830608e-05
3.095289156550019016e-01,6.466015833255333418e-05
3.101278557794486801e-01,9.179460981173609663e-05
3.107267646041793618e-01,8.829635030136020806e-05
3.113256421160877641e-01,8.565334908395564521e-05
3.119244883020675374e-01,4.477538820200637235e-05
3.125233031490124991e-01,9.079608649594343999e-05
3.131220866438165218e-01,1.019594280411684388e-05
3.137208387733732562e-01,8.395914648084866407e-05
3.143195595245765750e-01,5.120295633962195696e-05
3.149182488843202399e-01,4.922172185859802424e-05
3.155169068394980125e-01,6.153729567920276488e-05
3.161155333770036546e-01,5.650701571699237049e-05
3.167141284837309834e-01,7.577942288466589103e-05
3.173126921465737604e-01,9.696139740123826858e-05
3.179112243524258030e-01,1.577013111219375120e-04
3.185097250881808173e-01,5.573453332390971893e-05
3.191081943407326205e-01,1.169305346940836398e-04
3.197066320969750297e-01,5.504263947893524457e-05
3.203050383438017512e-01,1.182516184748537045e-04
3.209034130681066022e-01,5.122822396884780621e-05
3.215017562567833997e-01,7.735304344578093844e-05
3.221000678967258501e-01,8.767285932408890021e-06
3.226983479748277706e-01,8.212010728365482621e-05
3.232965964779829227e-01,7.934053218875836285e-05
3.238948133930851236e-01,3.223507809404180474e-05
3.244929987070281907e-01,6.848951304217154546e-05
3.250911524067057745e-01,5.465725121736603057e-05
3.256892744790118033e-01,8.114996856273670592e-05
3.262873649108398721e-01,4.169904457620132699e-05
3.268854236890839648e-01,5.695110897020311789e-05
3.274834508006377320e-01,5.890639460848718430e-05
3.280814462323949909e-01,3.909938193268418206e-05
3.286794099712495587e-01,1.892139385738427160e-05
3.292773420040950860e-01,9.207502541943851507e-05
3.298752423178255011e-01,8.522986308065855731e-05
3.304731108993345101e-01,3.578128869742795823e-05
3.310709477355159303e-01,6.756821175561434625e-05
3.316687528132635232e-01,1.158957949122871046e-04
3.322665261194709951e-01,7.764083363093337588e-05
3.328642676410322743e-01,5.480093171569780933e-05
3.334619773648410113e-01,1.145467996965610845e-04
3.340596552777910788e-01,8.886916462458012769e-05
3.346573013667762386e-01,6.419580301269587979e-05
3.352549156186901969e-01,9.003580755074480873e-05
3.358524980204267707e-01,3.083492368155357668e-05
3.364500485588797773e-01,1.302261273210938769e-04
3.370475672209429230e-01,1.784609123013601573e-04
3.376450539935100803e-01,6.918799494282275048e-05
3.382425088634750110e-01,2.005589206208001742e-05
3.388399318177314212e-01,1.096231577641957814e-04
3.394373228431732392e-01,7.177201523927243952e-05
3.400346819266940046e-01,6.892275742718702574e-05
3.406320090551877566e-01,7.879453021531768739e-05
3.412293042155480349e-01,1.726611759174329162e-04
3.418265673946688232e-01,1.987918432083342389e-04
3.424237985794437722e-01,6.799370411471500374e-05
3.430209977567667545e-01,7.625527922775224233e-05
3.436181649135314764e-01,6.443003852971848308e-05
3.442153000366317550e-01,1.859541234091896620e-04
3.448124031129613520e-01,2.785438603874150335e-04
3.454094741294140292e-01,1.857562541169727459e-04
3.460065130728836591e-01,3.033286678832169459e-04
3.466035199302639480e-01,3.137831430808963478e-04
3.472004946884486021e-01,2.550988507634157601e-04
3.477974373343315495e-01,9.160518013920420028e-05
3.483943478548064965e-01,3.937049622140819955e-05
3.489912262367672047e-01,7.408460248705298176e-05
3.495880724671074913e-01,1.187760630832388576e-04
3.501848865327211180e-01,1.055449884807946038e-04
3.507816684205019020e-01,9.034521625597741635e-05
3.513784181173435495e-01,1.450500213476412403e-04
3.519751356101398776e-01,1.486169115041600887e-04
3.525718208857847036e-01,8.256509827343164881e-05
3.531684739311717891e-01,1.325548296925323143e-05
3.537650947331948958e-01,0.000000000000000000e+00
3.543616832787477855e-01,3.200982332025659383e-05
3.549582395547242197e-01,3.738403953716754611e-05
3.555547635480180713e-01,5.611750280059433013e-05
3.561512552455230463e-01,6.149207610441577548e-06
3.567477146341329619e-01,4.503802412716826535e-05
3.573441417007415799e-01,2.882786581136232630e-05
3.579405364322426619e-01,4.482173343432832243e-05
3.585368988155300252e-01,6.295558842572509303e-05
3.591332288374974313e-01,2.350625206913033540e-04
3.597295264850386420e-01,1.451529662839887863e-04
3.603257917450474745e-01,5.997561418276409624e-05
3.609220246044176905e-01,2.539984974493321974e-05
3.615182250500430516e-01,2.852912685581144301e-05
3.621143930688173751e-01,2.333763900394406830e-05
3.627105286476344226e-01,6.005091426998639489e-05
3.633066317733879558e-01,4.052971711241227751e-06
3.639027024329717919e-01,3.466209567401194052e-05
3.644987406132796925e-01,4.675427747643072111e-05
3.650947463012054195e-01,3.300859248441673899e-05
3.656907194836427899e-01,3.014631925456285198e-05
3.662866601474855099e-01,6.521367953888602831e-06
3.668825682796275078e-01,3.630447993467681545e-05
3.674784438669623787e-01,5.003779779652358219e-05
3.680742868963840508e-01,7.146206921286004027e-05
3.686700973547862303e-01,6.522128187712310135e-05
3.692658752290626789e-01,6.287660659597748094e-05
3.698616205061072137e-01,5.742346695726375876e-05
3.704573331728135965e-01,7.577050555004655619e-05
3.710530132160757000e-01,4.582083734977372561e-05
3.716486606227871192e-01,7.021303479785548807e-05
3.722442753798418380e-01,1.656883248456527609e-05
3.728398574741335070e-01,5.365810795192136874e-05
3.734354068925559433e-01,3.545236007554855264e-05
3.740309236220029088e-01,2.138158565111874398e-05
3.746264076493681650e-01,6.303265718727542658e-05
3.752218589615455291e-01,6.803369775498214719e-05
3.758172775454288184e-01,5.598781143011161067e-05
3.764126633879117390e-01,4.895378750638422412e-05
3.770080164758881081e-01,5.758641503493265091e-05
3.776033367962517429e-01,5.387785476460931849e-05
3.781986243358962940e-01,3.911857458622877606e-05
3.787938790817156898e-01,4.727791447138864306e-05
3.793891010206035808e-01,4.698957575318280102e-05
3.799842901394538397e-01,4.684624790817640077e-05
3.805794464251602283e-01,9.671262363420141388e-05
3.811745698646165081e-01,4.606346784921516171e-05
3.817696604447164965e-01,4.470951681475540142e-05
3.823647181523538996e-01,4.731265896116747607e-05
3.829597429744225900e-01,4.512530187317012327e-05
3.835547348978162185e-01,5.449810212851932450e-05
3.841496939094287133e-01,4.861328931083735522e-05
3.847446199961538360e-01,5.004242095136527020e-05
3.853395131448851818e-01,2.365047622725685028e-05
3.859343733425167899e-01,6.866724091674012830e-05
3.865292005759422556e-01,3.326883526927825688e-05
3.871239948320554514e-01,6.551408909192061854e-05
3.877187560977500835e-01,4.721137508540686564e-05
3.883134843599199693e-01,2.810568395512095253e-05
3.889081796054589257e-01,3.178416759619286379e-05
3.895028418212607146e-01,5.822315911577858526e-05
3.900974709942190977e-01,6.835696999366569200e-05
3.906920671112277810e-01,4.214638345400657690e-05
3.912866301591807483e-01,6.525547822740294761e-05
3.918811601249715948e-01,5.950433846856919667e-05
3.924756569954941376e-01,2.831637438590967209e-05
3.930701207576421941e-01,6.906669149878072727e-05
3.936645513983095257e-01,7.698870975400847025e-05
3.942589489043898943e-01,4.710609905874944299e-05
3.948533132627771169e-01,5.974416899098369159e-05
3.954476444603650109e-01,5.388162656732634444e-05
3.960419424840472269e-01,5.731135583831131167e-05
3.966362073207176930e-01,5.945333051392464793e-05
3.972304389572700600e-01,5.149683158420120832e-05
3.978246373805982006e-01,4.292038364525238933e-05
3.984188025775957653e-01,5.084889595420620322e-05
3.990129345351567380e-01,5.691900218631343534e-05
3.996070332401747138e-01,5.183415588183180113e-05
4.002010986795435654e-01,4.554773868232249982e-05
4.007951308401570545e-01,2.400335007489761560e-05
4.013891297089089982e-01,4.257313053425743521e-05
4.019830952726931028e-01,1.919446707893767394e-05
4.025770275184031854e-01,3.227299288648328887e-05
4.031709264329330078e-01,1.744757023290483452e-05
4.037647920031764426e-01,2.234180691309566909e-05
4.043586242160270849e-01,4.120752741123134691e-05
4.049524230583789186e-01,4.134118356236709152e-05
4.055461885171255387e-01,3.923286108058576089e-05
4.061399205791608735e-01,4.753144230771869956e-05
4.067336192313786292e-01,1.113514825142238667e-05
4.073272844606725673e-01,2.647869184626532854e-05
4.079209162539365607e-01,2.816182764656567910e-05
4.085145145980642600e-01,2.667477647337242817e-05
4.091080794799495379e-01,5.257557922991143472e-05
4.097016108864861561e-01,1.386540586910896683e-05
4.102951088045679318e-01,2.088570196891779168e-05
4.108885732210885711e-01,2.775946879942274646e-05
4.114820041229418912e-01,2.325751405347762550e-05
4.120754014970216539e-01,3.138037370693628775e-05
4.126687653302216763e-01,4.329078243461736188e-05
4.132620956094356646e-01,8.899781860103265764e-06
4.138553923215574915e-01,2.661287221535633182e-05
4.144486554534808631e-01,2.962218030754342388e-05
4.150418849920995967e-01,2.393043611139853308e-05
4.156350809243075095e-01,1.760234374520999194e-05
4.162282432369982521e-01,2.420210162346160540e-05
4.168213719170657527e-01,1.426684490890416976e-05
4.174144669514036621e-01,2.650562025150504154e-05
4.180075283269058528e-01,2.017922675615710251e-05
4.186005560304660866e-01,8.444829619104050371e-06
4.191935500489781252e-01,3.990239022943040559e-05
4.197865103693357858e-01,2.877031107850468194e-05
4.203794369784327745e-01,2.260247365154737073e-05
4.209723298631629640e-01,2.660998790738853279e-05
4.215651890104200050e-01,3.776025066316676155e-05
4.221580144070978258e-01,2.991830114993122565e-05
4.227508060400901324e-01,8.513851844027759956e-06
4.233435638962906866e-01,2.846012215372159822e-05
4.239362879625933611e-01,3.312912310235021371e-05
4.245289782258917510e-01,3.606396782478538501e-05
4.251216346730798401e-01,2.120282058179781833e-05
4.257142572910512790e-01,3.625511827715382932e-05
4.263068460666999404e-01,2.802373589453767858e-05
4.268994009869194750e-01,2.777618740805629061e-05
4.274919220386038110e-01,5.886370674926767261e-05
4.280844092086465991e-01,3.663569193239148055e-05
4.286768624839417119e-01,3.522965522484004683e-05
4.292692818513829112e-01,1.813251276686880293e-05
4.298616672978639586e-01,3.514473993599248342e-05
4.304540188102786158e-01,2.881118762351274722e-05
4.310463363755207000e-01,3.141173313663842166e-05
4.316386199804839729e-01,1.076922194184100040e-05
4.322308696120621962e-01,2.473429738110579124e-05
4.328230852571491871e-01,8.713528294026280069e-06
4.334152669026387072e-01,2.985585269985913147e-05
4.340074145354245183e-01,2.335968471713583579e-05
4.345995281424004930e-01,2.504523726403418626e-05
4.351916077104602265e-01,3.859285589585748283e-05
4.357836532264977025e-01,5.473192057317033262e-06
4.363756646774065162e-01,5.778484995586059087e-05
4.369676420500805958e-01,2.989543500530773292e-05
4.375595853314136474e-01,3.384217848188884030e-05
4.381514945082994883e-01,3.666537786594619694e-05
4.387433695676318801e-01,3.940826775603531326e-05
4.393352104963045845e-01,2.950907208043762172e-05
4.399270172812114188e-01,3.399909823142482972e-05
4.405187899092460890e-01,4.196545842947922819e-05
4.411105283673025235e-01,4.474208827948634103e-05
4.417022326422743728e-01,3.323721359680582458e-05
4.422939027210553431e-01,3.728338133838379168e-05
4.428855385905394737e-01,1.451092998615758496e-05
4.434771402376203042e-01,2.678330869710731607e-05
4.440687076491917074e-01,2.842084359406274081e-05
4.446602408121475003e-01,2.732578903918441338e-05
4.452517397133813892e-01,2.758756519755164863e-05
4.458432043397871913e-01,2.423210301127203613e-05
4.464346346782586683e-01,3.680460645788379839e-05
4.470260307156896373e-01,2.555503705340053113e-05
4.476173924389738046e-01,3.885346068839021585e-05
4.482087198350050983e-01,4.550622452741239697e-05
4.488000128906771136e-01,4.411088996339455377e-05
4.493912715928837787e-01,1.973882060740338220e-05
4.499824959285187442e-01,3.539235266667546068e-05
4.505736858844758830e-01,4.369562449356943350e-05
4.511648414476489566e-01,3.800636222858116351e-05
4.517559626049317267e-01,3.309636311330338513e-05
4.523470493432180106e-01,3.324231594128352935e-05
4.529381016494015144e-01,4.752614273760945719e-05
4.535291195103761108e-01,5.574630790369973369e-05
4.541201029130355060e-01,5.536632592187115470e-05
4.547110518442735172e-01,4.321486371432609719e-05
4.553019662909839060e-01,2.985168052677342142e-05
4.558928462400604897e-01,2.723341394053642784e-05
4.564836916783969745e-01,3.688827019606590973e-05
4.570745025928872329e-01,3.600692040201230321e-05
4.576652789704249713e-01,3.261636598465446872e-05
4.582560207979039513e-01,1.532995255273444238e-05
4.588467280622180455e-01,4.531648171257151545e-05
4.594374007502609603e-01,3.304555410786968821e-05
4.600280388489265682e-01,4.068319675769823844e-05
4.606186423451085199e-01,4.106620578312106246e-05
4.612092112257006327e-01,4.223549652935316734e-05
4.617997454775967792e-01,3.867477709089632684e-05
4.623902450876906656e-01,5.074021719688409329e-05
4.629807100428759981e-01,3.055534185563000047e-05
4.635711403300467048e-01,2.990677973911431471e-05
4.641615359360964921e-01,2.788172442547101913e-05
4.647518968479191215e-01,2.522126015142203608e-05
4.653422230524083547e-01,4.369062364175302273e-05
4.659325145364581200e-01,2.701331879711959649e-05
4.665227712869620125e-01,3.643679279886511221e-05
4.671129932908139049e-01,4.348308511675560701e-05
4.677031805349075588e-01,3.412620331181043281e-05
4.682933330061367916e-01,3.349954140982263311e-05
4.688834506913953093e-01,4.412288517349724661e-05
4.694735335775769292e-01,2.935763986925737904e-05
4.700635816515754128e-01,5.093910899255939105e-05
4.706535949002845776e-01,5.082219790904455578e-05
4.712435733105982405e-01,5.174571542027112716e-05
4.718335168694100523e-01,3.856428037025741158e-05
4.724234255636139412e-01,3.580797052720367200e-05
4.730132993801035579e-01,4.101648298608428161e-05
4.736031383057727751e-01,3.592482375887462030e-05
4.741929423275152433e-01,2.644305209167335910e-05
4.747827114322249464e-01,1.943899650480240083e-05
4.753724456067954796e-01,3.545319771868824481e-05
4.759621448381207154e-01,4.755071244321929153e-05
4.765518091130944156e-01,2.170405778688473463e-05
4.771414384186103419e-01,1.502384108027640463e-05
4.777310327415623670e-01,1.687893807762215272e-05
4.783205920688440860e-01,1.852051736277705537e-05
4.789101163873494271e-01,3.030694449733233533e-05
4.794996056839721521e-01,2.142356922653351146e-05
4.800890599456059671e-01,3.121035766615030575e-05
4.806784791591448003e-01,1.404912833118508374e-05
4.812678633114822468e-01,2.701129794514103152e-05
4.818572123895122350e-01,2.283096280191538308e-05
4.824465263801284154e-01,1.185424867364412938e-05
4.830358052702246607e-01,2.438018288961057780e-05
4.836250490466947882e-01,2.628290714349863446e-05
4.842142576964324485e-01,1.795012119077176929e-05
4.848034312063315143e-01,1.745325358899555004e-05
4.853925695632856918e-01,1.284594499100809123e-05
4.859816727541889092e-01,1.641547689273629380e-05
4.865707407659347616e-01,2.962756232607716112e-05
4.871597735854171773e-01,2.604890996159770264e-05
4.877487711995298070e-01,2.579818230262951757e-05
4.883377335951665232e-01,2.299518551074495852e-05
4.889266607592211433e-01,1.969150140004776784e-05
4.895155526785873179e-01,1.711650335795740022e-05
4.901044093401589197e-01,1.519605267626827814e-05
4.906932307308296548e-01,1.519874196515827608e-05
4.912820168374934515e-01,2.909989814085876211e-06
4.918707676470438495e-01,1.877157416801235004e-05
4.924594831463748879e-01,8.934089215644989426e-06
4.930481633223801063e-01,2.064088262541771514e-05
4.936368081619534887e-01,2.340413022786368789e-05
4.942254176519886855e-01,1.059276056713788620e-05
4.948139917793795695e-01,1.862519949213796669e-05
4.954025305310197913e-01,1.440034319339557316e-05
4.959910338938032792e-01,2.026388041717881678e-05
4.965795018546237394e-01,1.841862500100998704e-05
4.971679344003749335e-01,1.994825391113989201e-05
4.977563315179506787e-01,2.866627005346976276e-05
4.983446931942447922e-01,3.722363424700989156e-05
4.989330194161509247e-01,2.901002026503202483e-05
4.995213101705630043e-01,2.724901707188508347e-05
5.001095654443746819e-01,2.042091147507837408e-05
5.006977852244798299e-01,3.671792690383329013e-05
5.012859694977721547e-01,2.360124051373352564e-05
5.018741182511454735e-01,4.346946760951677142e-06
5.024622314714936033e-01,1.187755194716241504e-05
5.030503091457102505e-01,3.784673842546692823e-05
5.036383512606893431e-01,6.879062555930347842e-05
5.042263578033244764e-01,6.607622951103361386e-05
5.048143287605094676e-01,1.746320643751159127e-05
5.054022641191382448e-01,1.463268857295976725e-05
5.059901638661044032e-01,5.048061620087497092e-05
5.065780279883018711e-01,2.519380778393339902e-05
5.071658564726242435e-01,3.576600659845609830e-05
5.077536493059654488e-01,4.635108010194746530e-05
5.083414064752191930e-01,3.435376178419392726e-05
5.089291279672794044e-01,1.196562164946690014e-05
5.095168137690396781e-01,3.009660132419198945e-05
5.101044638673939424e-01,2.473868943256557468e-05
5.106920782492357924e-01,2.507693167844010426e-05
5.112796569014591563e-01,6.590630676162653311e-05
5.118671998109578514e-01,5.944122342991397688e-05
5.124547069646254727e-01,3.220134269147643854e-05
5.130421783493559484e-01,3.440393876217974972e-05
5.136296139520429849e-01,2.975059238544849636e-05
5.142170137595805102e-01,4.796027436330426694e-05
5.148043777588621195e-01,4.052427869425041692e-05
5.153917059367816300e-01,3.495232648549900252e-05
5.159789982802328590e-01,3.873797350201176927e-05
5.165662547761096235e-01,2.904946824687357269e-05
5.171534754113056298e-01,1.021136869270154287e-05
5.177406601727148061e-01,2.940165312198682700e-05
5.183278090472306365e-01,2.203223855033651943e-05
5.189149220217471603e-01,4.656406638158113679e-05
5.195019990831580836e-01,2.981439763926900153e-05
5.200890402183572236e-01,3.140248762592033003e-05
5.206760454142382866e-01,3.993961789006391446e-05
5.212630146576950896e-01,4.560981122632803194e-05
5.218499479356213389e-01,3.339625296461294434e-05
5.224368452349109626e-01,7.728275658338931532e-06
5.230237065424576670e-01,3.808947508688043375e-05
5.236105318451551582e-01,4.718317691835217969e-05
5.241973211298973645e-01,1.722419949033695546e-05
5.247840743835778810e-01,2.170410978532281155e-05
5.253707915930906358e-01,4.710723943607289873e-05
5.259574727453293352e-01,5.276713869383844199e-05
5.265441178271879075e-01,3.671696893522509626e-05
5.271307268255599476e-01,5.321295963449503501e-05
5.277172997273391619e-01,4.603374147520122286e-05
5.283038365194195896e-01,3.963287545272179313e-05
5.288903371886949367e-01,3.231882733975211848e-05
5.294768017220589096e-01,2.947115815999836253e-05
5.300632301064053253e-01,2.854164449120975941e-05
5.306496223286278902e-01,2.796967653707732560e-05
5.312359783756204212e-01,3.061085899626434393e-05
5.318222982342768468e-01,2.521296512675672374e-05
5.324085818914907620e-01,8.595185165454368554e-05
5.329948293341559840e-01,1.156430322586511985e-04
5.335810405491663300e-01,1.289804814797234430e-04
5.341672155234155062e-01,1.570263214774231838e-04
5.347533542437975518e-01,8.985054033087307764e-05
5.353394566972058399e-01,5.315252789884315093e-05
5.359255228705344098e-01,6.622989659206164072e-05
5.365115527506770787e-01,3.972121768100897536e-05
5.370975463245274417e-01,3.814110462290717972e-05
5.376835035789794270e-01,4.841729239087320572e-05
5.382694245009268519e-01,2.683919169837069359e-05
5.388553090772632004e-01,3.701729386939579239e-05
5.394411572948826228e-01,1.460087506165751235e-04
5.400269691406786032e-01,2.564211811652818357e-04
5.406127446015451810e-01,1.255316535193155283e-04
5.411984836643759511e-01,4.257401071174129076e-05
5.417841863160647309e-01,5.330676693853175991e-05
5.423698525435053375e-01,3.271613530750310656e-05
5.429554823335914771e-01,5.776504226536011643e-05
5.435410756732170778e-01,4.980268156985526401e-05
5.441266325492757350e-01,5.253640972794825853e-05
5.447121529486614877e-01,4.268463671354926197e-05
5.452976368582679312e-01,5.803628489142706367e-05
5.458830842649887716e-01,4.536353609465277963e-05
5.464684951557178261e-01,5.186726080938413642e-05
5.470538695173490229e-01,4.849586876977006120e-05
5.476392073367759572e-01,5.066895950513224524e-05
5.482245086008925572e-01,4.464841067825152062e-05
5.488097732965925291e-01,5.148172610607364786e-05
5.493950014107698010e-01,5.275783054780770341e-05
5.499801929303178571e-01,4.725377316511310575e-05
5.505653478421307367e-01,4.262841522970058441e-05
5.511504661331020349e-01,2.921258927394065888e-05
5.517355477901256799e-01,4.017720795099947675e-05
5.523205928000953779e-01,5.620040911483251697e-05
5.529056011499049461e-01,5.816406753041896782e-05
5.534905728264480906e-01,5.368531950935322492e-05
5.540755078166187397e-01,3.890191281167886320e-05
5.546604061073104885e-01,5.471074283124182660e-05
5.552452676854172653e-01,4.367837089726543968e-05
5.558300925378326651e-01,4.920339192815954637e-05
5.564148806514507273e-01,5.654723472503895177e-05
5.569996320131650469e-01,5.079412476987515187e-05
5.575843466098695522e-01,4.535771978470168976e-05
5.581690244284577274e-01,5.626374932813183805e-05
5.587536654558237226e-01,4.568925086982426572e-05
5.593382696788610220e-01,6.883960854824082074e-05
5.599228370844635538e-01,3.782119641438135753e-05
5.605073676595251353e-01,5.803450969732835030e-05
5.610918613909394725e-01,5.720430490479849506e-05
5.616763182656003828e-01,5.637809770893492488e-05
5.622607382704014611e-01,6.497196782685652459e-05
5.628451213922368579e-01,4.354469705076033500e-05
5.634294676179999461e-01,5.685135198233768716e-05
5.640137769345848762e-01,6.268823177017322377e-05
5.645980493288851321e-01,7.286165732222881224e-05
5.651822847877946421e-01,8.716458519642725342e-05
5.657664832982072234e-01,8.924894761888996989e-05
5.663506448470164711e-01,7.621227495371908915e-05
5.669347694211163136e-01,7.178299968950207577e-05
5.675188570074005678e-01,7.762828682127989827e-05
5.681029075927629401e-01,7.614221513417885365e-05
5.686869211640971367e-01,8.020656673965460674e-05
5.692708977082970856e-01,8.679426757875980465e-05
5.698548372122564931e-01,7.042594910940491010e-05
5.704387396628691764e-01,4.901119237841074341e-05
5.710226050470288417e-01,6.752783882041047618e-05
5.716064333516291951e-01,7.210443934862760095e-05
5.721902245635643869e-01,8.143841158299452185e-05
5.727739786697277902e-01,7.686421567160615865e-05
5.733576956570133332e-01,4.820983690538203724e-05
5.739413755123148331e-01,7.039618842725294857e-05
5.745250182225259961e-01,1.289020801618073612e-04
5.751086237745406393e-01,1.424502373107130115e-04
5.756921921552526911e-01,1.719109310874176685e-04
5.762757233515556354e-01,4.106326712529685956e-04
5.768592173503434006e-01,3.274302949891825772e-04
5.774426741385098039e-01,8.562769468707687756e-05
5.780260937029486623e-01,6.510529751791795680e-05
5.786094760305535711e-01,8.980744868349441374e-05
5.791928211082184585e-01,7.364759702784536911e-05
5.797761289228371417e-01,1.124553718307428788e-04
5.803593994613032159e-01,1.472366731899941983e-04
5.809426327105106092e-01,1.366099456655455650e-04
5.815258286573530278e-01,2.325874010101501089e-04
5.821089872887243999e-01,3.010784951191570243e-04
5.826921085915184317e-01,1.773024281019400781e-04
5.832751925526287184e-01,1.774304159255109519e-04
5.838582391589492993e-01,2.760439966822490613e-04
5.844412483973736583e-01,3.130373449017383267e-03
5.850242202547958348e-01,1.537930721172797027e-02
5.856071547181096459e-01,1.262725266517453551e-02
5.861900517742086869e-01,1.626580380771936417e-03
5.867729114099868859e-01,4.313602841545317087e-04
5.873557336123377270e-01,2.037309748655854492e-03
5.879385183681554716e-01,1.057521039330168444e-02
5.885212656643334928e-01,9.346196297860478661e-03
5.891039754877657186e-01,1.331371957385590324e-03
5.896866478253459665e-01,3.208773908689339645e-04
5.902692826639679424e-01,3.495622737278419726e-04
5.908518799905254637e-01,2.966251756410380231e-04
5.914344397919123475e-01,2.165951567836036870e-04
5.920169620550223000e-01,2.027103364114027112e-04
5.925994467667492493e-01,2.051215363118697821e-04
5.931818939139866798e-01,3.219733506417587674e-04
5.937643034836286304e-01,4.718139859842711455e-03
5.943466754625688075e-01,1.600015869257075465e-02
5.949290098377009173e-01,1.069594989231546084e-02
5.955113065959188878e-01,1.109962952461808570e-03
5.960935657241164254e-01,3.462373902489185740e-04
5.966757872091872361e-01,7.729270998776934312e-04
5.972579710380251372e-01,4.114546925165735863e-03
5.978401171975240569e-01,4.057993524232016494e-03
5.984222256745775903e-01,7.949224867327323420e-04
5.990042964560796657e-01,2.453306812320922591e-04
5.995863295289237671e-01,1.740339856410820225e-04
6.001683248800041559e-01,1.495610310461024971e-04
6.007502824962142052e-01,1.288589586585115474e-04
6.013322023644477321e-01,1.667327369942854260e-04
6.019140844715987759e-01,2.888213417772996362e-04
6.024959288045609318e-01,3.696811784945896844e-03
6.030777353502280169e-01,6.267466547894666451e-03
6.036595040954937375e-01,2.175185165514026148e-03
6.042412350272519106e-01,2.875085656851779662e-04
6.048229281323964646e-01,1.994507373808751061e-04
6.054045833978209945e-01,2.114326905490578274e-04
6.059862008104193176e-01,2.990743448518528333e-04
6.065677803570852511e-01,2.100667117131418786e-03
6.071493220247126121e-01,1.318622322683250803e-02
6.077308258001949959e-01,1.269668472449969263e-02
6.083122916704264416e-01,2.327789892768699059e-03
6.088937196223005444e-01,6.910658591705328042e-03
6.094751096427112325e-01,2.305484532179787396e-02
6.100564617185521010e-01,1.531853844230976307e-02
6.106377758367170783e-01,1.673475854355167998e-03
6.112190519840998704e-01,4.467321465422222906e-04
6.118002901475942945e-01,4.261481462159298801e-04
6.123814903140940569e-01,1.002082389737240587e-03
6.129626524704931967e-01,1.554242942804200979e-03
6.135437766036850871e-01,9.463577920488224632e-03
6.141248627005637672e-01,3.722249012826137765e-02
6.147059107480229434e-01,2.794356510641062691e-02
6.152869207329564327e-01,3.770797948735493590e-03
6.158678926422579414e-01,9.410281009921127662e-03
6.164488264628215086e-01,1.497710106929774423e-02
6.170297221815405075e-01,5.024290825636700333e-03
6.176105797853089774e-01,6.369575283715388572e-04
6.181913992610206243e-01,3.570793236376182790e-04
6.187721805955692655e-01,2.890252188874943844e-04
6.193529237758487183e-01,2.581489564943425337e-04
6.199336287887526886e-01,2.912421189143426614e-04
6.205142956211749938e-01,4.329378717679597329e-04
6.210949242600093401e-01,5.087950455676974390e-03
6.216755146921495445e-01,1.276858942281188652e-02
6.222560669044893134e-01,6.849354202394962107e-03
6.228365808839226858e-01,7.484754765811157907e-04
6.234170566173431460e-01,2.959385021828700880e-04
6.239974940916447332e-01,2.700095827872479675e-04
6.245778932937210426e-01,2.973083319536283563e-04
6.251582542104658913e-01,3.891638829335803480e-04
6.257385768287732075e-01,2.650811208946512749e-03
6.263188611355363644e-01,2.087756096097374489e-02
6.268991071176496233e-01,2.273819438365400070e-02
6.274793147620064682e-01,4.467850299499833561e-03
6.280594840555008274e-01,6.362143137337485793e-04
6.286396149850264070e-01,3.665016295776916087e-04
6.292197075374769133e-01,4.010087982977769022e-04
6.297997616997463854e-01,3.257181015655898938e-03
6.303797774587281966e-01,9.161317437861986671e-03
6.309597548013164969e-01,5.650016922407573826e-03
6.315396937144049927e-01,9.043878040133245455e-04
6.321195941848872790e-01,6.685809769459688913e-04
6.326994561996573951e-01,6.979420084171871798e-03
6.332792797456088252e-01,2.537096112895565955e-02
6.338590648096356084e-01,1.823320873232328956e-02
6.344388113786314509e-01,2.272441809082875828e-03
6.350185194394899479e-01,6.027079815198745603e-04
6.355981889791052497e-01,4.735453759012009747e-04
6.361778199843708403e-01,5.184675552435263901e-04
6.367574124421804260e-01,7.555701652472411340e-04
6.373369663394281570e-01,3.676618519197781976e-03
6.379164816630075174e-01,3.547447669453956953e-02
6.384959583998125465e-01,4.365021429614768939e-02
6.390753965367367284e-01,1.151352223404296209e-02
6.396547960606737693e-01,3.033327471113121329e-02
6.402341569585178194e-01,6.043162579805595735e-02
6.408134792171624738e-01,2.617044506058750775e-02
6.413927628235014389e-01,2.620843939107392415e-03
6.419720077644286427e-01,7.917728007762045092e-04
6.425512140268377914e-01,5.277421672042323288e-04
6.431303815976227023e-01,4.273433336715179377e-04
6.437095104636770815e-01,3.769487580698304839e-04
6.442886006118947462e-01,3.684024354323514041e-04
6.448676520291694025e-01,3.550793495536037881e-04
6.454466647023949788e-01,3.239698766770610387e-04
6.460256386184650701e-01,3.142241136280195832e-04
6.466045737642738267e-01,3.340466376848031890e-04
6.471834701267146217e-01,3.121998200266076903e-04
6.477623276926813833e-01,3.843889625889472376e-04
6.483411464490680398e-01,4.189941802643447994e-04
6.489199263827680753e-01,5.372962084397584414e-04
6.494986674806754179e-01,1.288509569624646028e-03
6.500773697296839959e-01,1.944720432638200047e-02
6.506560331166872935e-01,3.977799948075662340e-02
6.512346576285792388e-01,1.751618853683473490e-02
6.518132432522536490e-01,1.991227669204442222e-03
6.523917899746043414e-01,2.871676305328345596e-03
6.529702977825249111e-01,1.681454575610441884e-02
6.535487666629092862e-01,1.736993768781886632e-02
6.541271966026512841e-01,3.483966583427610710e-03
6.547055875886444998e-01,6.867143768768138807e-04
6.552839396077828615e-01,4.498196308214876134e-04
6.558622526469600755e-01,3.644742754556446699e-04
6.564405266930700700e-01,3.496914553412972296e-04
6.570187617330065510e-01,3.397308271561431145e-04
6.575969577536631139e-01,3.746957509879649331e-04
6.581751147419336867e-01,4.756190489092804760e-04
6.587532326847120867e-01,1.000119851236854927e-03
6.593313115688920201e-01,1.298790352542539966e-02
6.599093513813674150e-01,2.542902662167936118e-02
6.604873521090318667e-01,1.092126829011140846e-02
6.610653137387791922e-01,1.292796194518275321e-03
6.616432362575032089e-01,4.671422233522493821e-04
6.622211196520977339e-01,3.230455238157533540e-04
6.627989639094565844e-01,2.832579564124116994e-04
6.633767690164733555e-01,2.563981132037941786e-04
6.639545349600418644e-01,2.800192705865611363e-04
6.645322617270560395e-01,3.322672248661770250e-04
6.651099493044095867e-01,4.298911627521978486e-04
6.656875976789963234e-01,4.365168011041636572e-04
6.662652068377099557e-01,5.617240193973269428e-04
6.668427767674443007e-01,2.979636765057724120e-03
6.674203074550930648e-01,2.930285470497457495e-02
6.679977988875501760e-01,3.805786820199885678e-02
6.685752510517093405e-01,1.014828805178790393e-02
6.691526639344642646e-01,1.267834035281278568e-03
6.697300375227088765e-01,5.767616292683178623e-04
6.703073718033367712e-01,6.642752579343974518e-04
6.708846667632418770e-01,5.254517281396997933e-03
6.714619223893179001e-01,2.479955220347918043e-02
6.720391386684586577e-01,2.159452240564863068e-02
6.726163155875579669e-01,3.596474061906597582e-03
6.731934531335096450e-01,6.437512060258749865e-04
6.737705512932071761e-01,3.666664387484963312e-04
6.743476100535447104e-01,2.959976928197850408e-04
6.749246294014160652e-01,2.683173347188938366e-04
6.755016093237146135e-01,2.393900014115235640e-04
6.760785498073342836e-01,2.325805308701336320e-04
6.766554508391688927e-01,2.273654841945102131e-04
6.772323124061123689e-01,2.343832674546336443e-04
6.778091344950583075e-01,2.279109059739566675e-04
6.783859170929005256e-01,2.121199609990977696e-04
6.789626601865328404e-01,1.824728349080934910e-04
6.795393637628490691e-01,1.864340687230013811e-04
6.801160278087428068e-01,1.768204931741520743e-04
6.806926523111080929e-01,1.886182462287956424e-04
6.812692372568385224e-01,1.768050498189127607e-04
6.818457826328280236e-01,1.776674322690234781e-04
6.824222884259703026e-01,1.639561836528766387e-04
6.829987546231589546e-01,1.877976608418449416e-04
6.835751812112880188e-01,1.785570370215826361e-04
6.841515681772512014e-01,1.593807306765204095e-04
6.847279155079423196e-01,1.567768155959485164e-04
6.853042231902550796e-01,1.684385610179931316e-04
6.858804912110831875e-01,1.757482637667221533e-04
6.864567195573205716e-01,1.620299694489385825e-04
6.870329082158609380e-01,1.630631943455228500e-04
6.876090571735981039e-01,1.560959804756770230e-04
6.881851664174258865e-01,1.870235141560380591e-04
6.887612359342378809e-01,1.960170865818826585e-04
6.893372657109281265e-01,2.114820754271672305e-04
6.899132557343902183e-01,2.305307866765139734e-04
6.904892059915180846e-01,3.337478195436957258e-04
6.910651164692052095e-01,4.096432529845330699e-04
6.916409871543457433e-01,8.399441015157786596e-04
6.922168180338331700e-01,1.163117588810387744e-02
6.927926090945615289e-01,3.775300723741387143e-02
6.933683603234244153e-01,2.602339555297876472e-02
6.939440717073157572e-01,3.636131496207093122e-03
6.945197432331291498e-01,7.329778743051471599e-04
6.950953748877585214e-01,4.101134377051362232e-04
6.956709666580974671e-01,3.269431820949902944e-04
6.962465185310399152e-01,2.874381872148796071e-04
6.968220304934796827e-01,3.040843212341446289e-04
6.973975025323104759e-01,3.126226908298007840e-04
6.979729346344261121e-01,3.170805140254858790e-04
6.985483267867202972e-01,3.680543351660718544e-04
6.991236789760869597e-01,4.166178401556689249e-04
6.996989911894198055e-01,4.995360781669699358e-04
7.002742634136124300e-01,6.334203571549468833e-04
7.008494956355588723e-01,9.697693774121194515e-04
7.014246878421527276e-01,1.843799394637673367e-03
7.019998400202879241e-01,7.327056468109006612e-03
7.025749521568582789e-01,7.819140204502612879e-02
7.031500242387572763e-01,1.930387301612327966e-01
7.037250562528790665e-01,1.125979493089174083e-01
7.043000481861171336e-01,1.350995345564517773e-02
7.048750000253655168e-01,2.546703601796723986e-03
7.054499117575177003e-01,1.581852950879818805e-03
7.060247833694677233e-01,1.264143324217103159e-03
7.065996148481092920e-01,7.718626493698802458e-04
7.071744061803361125e-01,5.354567288555569810e-04
7.077491573530420021e-01,4.713811881900173808e-04
7.083238683531206670e-01,4.048803315019296255e-04
7.088985391674661463e-01,3.818059185251601009e-04
7.094731697829719241e-01,3.592141758265530310e-04
7.100477601865319288e-01,3.472868718839900088e-04
7.106223103650398665e-01,3.101206500399804398e-04
7.111968203053896653e-01,2.922350401077885196e-04
7.117712899944749205e-01,2.690921101548821416e-04
7.123457194191895603e-01,2.811095388943929581e-04
7.129201085664272908e-01,3.006401237306997529e-04
7.134944574230818182e-01,2.794375690792746990e-04
7.140687659760470707e-01,2.407566818615336360e-04
7.146430342122167545e-01,2.176325852641033953e-04
7.152172621184846868e-01,2.315958593656853508e-04
7.157914496817445738e-01,2.473726582100341546e-04
7.163655968888902326e-01,6.240521939982774519e-04
7.169397037268154804e-01,4.727996769254973891e-03
7.175137701824140235e-01,6.695935788437527153e-03
7.180877962425796790e-01,2.240685591154008630e-03
7.186617818942062641e-01,4.435078871402973067e-04
7.192357271241874850e-01,2.532547343856973937e-04
7.198096319194171588e-01,2.231669906663318026e-04
7.203834962667892139e-01,2.390698155339544253e-04
7.209573201531971343e-01,2.545803746496864560e-04
7.215311035655348482e-01,3.261578873487338127e-04
7.221048464906962838e-01,4.632959924056747974e-04
7.226785489155749254e-01,7.509223619878251359e-04
7.232522108270647010e-01,2.059452138392137404e-03
7.238258322120595389e-01,3.388710335830375647e-02
7.243994130574529233e-01,9.303764089849671237e-02
7.249729533501388934e-01,5.810357294858081723e-02
7.255464530770109333e-01,7.714308749248489222e-03
7.261199122249631932e-01,1.363053413175487234e-03
7.266933307808891573e-01,6.485096517260593172e-04
7.272667087316828649e-01,3.927465279312492507e-04
7.278400460642378000e-01,3.087597913204417660e-04
7.284133427654478909e-01,2.577647268567170749e-04
7.289865988222069548e-01,2.172893719465917033e-04
7.295598142214086979e-01,1.962531980674028580e-04
7.301329889499470482e-01,2.166568971602580518e-04
7.307061229947157122e-01,1.816268576959450816e-04
7.312792163426082848e-01,1.815175348060976180e-04
7.318522689805186943e-01,1.600737421432071558e-04
7.324252808953407579e-01,1.558624028782251312e-04
7.329982520739681817e-01,1.457709386307971193e-04
7.335711825032948941e-01,1.443195172805682722e-04
7.341440721702143790e-01,1.331918281664644756e-04
7.347169210616207868e-01,1.192850744862244467e-04
7.352897291644074906e-01,1.365294305541663012e-04
7.358624964654686407e-01,1.224580360909397923e-04
7.364352229516979431e-01,1.145222642265793629e-04
7.370079086099889931e-01,1.153776780241396442e-04
7.375805534272356079e-01,9.403486543173495728e-05
7.381531573903317156e-01,1.243175999763934192e-04
7.387257204861710225e-01,1.351914723623024578e-04
7.392982427016472347e-01,1.179294861139398208e-04
7.398707240236542804e-01,1.081947269278986005e-04
7.404431644390858658e-01,1.373679376750590461e-04
7.410155639348356971e-01,1.620666233857353286e-04
7.415879224977977024e-01,1.997359317391244509e-04
7.421602401148654771e-01,3.133492276179917677e-04
7.427325167729329491e-01,1.024012666069065063e-03
7.433047524588938249e-01,1.381379285706604496e-02
7.438769471596420324e-01,2.747539816077156083e-02
7.444491008620710559e-01,1.285428411955980184e-02
7.450212135530749347e-01,1.659093954240360930e-03
7.455932852195473748e-01,4.159864373974291735e-04
7.461653158483821935e-01,2.718612113973077312e-04
7.467373054264730969e-01,4.402949923284820636e-04
7.473092539407137913e-01,5.416045921963673565e-04
7.478811613779983158e-01,6.447084486348226727e-04
7.484530277252201547e-01,3.420404601783934035e-03
7.490248529692733470e-01,4.523837506270777208e-03
7.495966370970514880e-01,1.489663546452192969e-03
7.501683800954483949e-01,3.022466994646112238e-04
7.507400819513578849e-01,1.723060886643717701e-04
7.513117426516737751e-01,1.775587094498203933e-04
7.518833621832897718e-01,2.001075475097305193e-04
7.524549405330995810e-01,3.261735490821936353e-04
7.530264776879971311e-01,2.562633578824126141e-03
7.535979736348762392e-01,4.868709685004417483e-03
7.541694283606305005e-01,3.746280199004922186e-03
7.547408418521538431e-01,1.836782398265248166e-03
7.553122140963399733e-01,4.161057657454093569e-04
7.558835450800827083e-01,1.564301185924144987e-04
7.564548347902757541e-01,1.090323287277277599e-04
7.570260832138131502e-01,7.696578665903248972e-05
7.575972903375882694e-01,8.888351511383819036e-05
7.581684561484951512e-01,8.882970810276494028e-05
7.587395806334275017e-01,7.563664113241673416e-05
7.593106637792791380e-01,9.223652850422892199e-05
7.598817055729438774e-01,8.949561174581396785e-05
7.604527060013154260e-01,8.042845328743452075e-05
7.610236650512874901e-01,9.074011796046450482e-05
7.615945827097539977e-01,8.252080564580298924e-05
7.621654589636086552e-01,9.388639487609997357e-05
7.627362937997453907e-01,8.028829938233612948e-05
7.633070872050576883e-01,9.196640326185174749e-05
7.638778391664395873e-01,8.105862005809611772e-05
7.644485496707846828e-01,6.864484714265642741e-05
7.650192187049869030e-01,8.641175918831632162e-05
7.655898462559399542e-01,1.020046842678158384e-04
7.661604323105376535e-01,1.071079754054206752e-04
7.667309768556738181e-01,8.729401841241205191e-05
7.673014798782421542e-01,8.396897359063760016e-05
7.678719413651364789e-01,9.281526263011116533e-05
7.684423613032504985e-01,9.492030849945897613e-05
7.690127396794779191e-01,7.229439133585500673e-05
7.695830764807127800e-01,7.803273221962564487e-05
7.701533716938487872e-01,1.036526737270769381e-04
7.707236253057795361e-01,8.026395232165298729e-05
7.712938373033989548e-01,8.101389032756764388e-05
7.718640076736007494e-01,1.162473460898459367e-04
7.724341364032789592e-01,7.956693314082772736e-05
7.730042234793270683e-01,7.067971095530982037e-05
7.735742688886387830e-01,9.164315241643559572e-05
7.741442726181081424e-01,7.015981299088521492e-05
7.747142346546288527e-01,6.505438867182606482e-05
7.752841549850947311e-01,7.200373047687702024e-05
7.758540335963993728e-01,7.049276980802026880e-05
7.764238704754367060e-01,8.994538091585429942e-05
7.769936656091006588e-01,6.648004935841016823e-05
7.775634189842846045e-01,8.201889372417348392e-05
7.781331305878826932e-01,8.376650837669070363e-05
7.787028004067885201e-01,8.265528005030079394e-05
7.792724284278959024e-01,6.392708544077701171e-05
7.798420146380986573e-01,6.986698494138962232e-05
7.804115590242904910e-01,6.598515272755092872e-05
7.809810615733652206e-01,7.173562630644707001e-05
7.815505222722166634e-01,9.098541400539795424e-05
7.821199411077385255e-01,8.453792400288572754e-05
7.826893180668247352e-01,6.536557081513301665e-05
7.832586531363689986e-01,7.441951960264978625e-05
7.838279463032649108e-01,9.044718794164066742e-05
7.843971975544065112e-01,6.962854603001625070e-05
7.849664068766873948e-01,8.373481268793822108e-05
7.855355742570014899e-01,5.478184176629661618e-05
7.861046996822425026e-01,5.698659347728201365e-05
7.866737831393042502e-01,6.909247639801827871e-05
7.872428246150804387e-01,7.776256023034704948e-05
7.878118240964648855e-01,7.777956682391979335e-05
7.883807815703514077e-01,9.832727756261745754e-05
7.889496970236337114e-01,7.371015229209271159e-05
7.895185704432056140e-01,7.225655825458692004e-05
7.900874018159609324e-01,7.113973921924382536e-05
7.906561911287933730e-01,8.532721975958995207e-05
7.912249383685967530e-01,9.356885035706949123e-05
7.917936435222648894e-01,6.386892726317952150e-05
7.923623065766915996e-01,6.192054218385356244e-05
7.929309275187704786e-01,1.095066545913527391e-04
7.934995063353955658e-01,2.010658986640170083e-04
7.940680430134603451e-01,4.439584623869394947e-04
7.946365375398587449e-01,3.825325671380040292e-04
7.952049899014846934e-01,1.444262525517930255e-04
7.957734000852316747e-01,8.336595965846551259e-05
7.963417680779936170e-01,2.133337456872159057e-05
7.969100938666644485e-01,9.456941371614891324e-05
7.974783774381376533e-01,4.762608244143330623e-05
7.980466187793072708e-01,6.086988819916534912e-05
7.986148178770667849e-01,5.148130126496730898e-05
7.991829747183103461e-01,6.119325216137661320e-05
7.997510892899314383e-01,6.670038405717758909e-05
8.003191615788241009e-01,5.238105788891204647e-05
8.008871915718818180e-01,7.531472038707222425e-05
8.014551792559985177e-01,5.435284391874424401e-05
8.020231246180680174e-01,6.863221682246937842e-05
8.025910276449840230e-01,5.802348706003275758e-05
8.031588883236404630e-01,5.377204442481666228e-05
8.037267066409309324e-01,8.205688993689273488e-05
8.042944825837493594e-01,6.077326365116973277e-05
8.048622161389893392e-01,5.034816742255491157e-05
8.054299072935446890e-01,6.769127371378522498e-05
8.059975560343093370e-01,4.802220255239550580e-05
8.065651623481771004e-01,4.447102007244077467e-05
8.071327262220414633e-01,1.157566377432884164e-04
8.077002476427965760e-01,7.647290293771739954e-04
8.082677265973358116e-01,1.273712126661230744e-03
8.088351630725533203e-01,5.710527647213663703e-04
8.094025570553428084e-01,1.446555677331267493e-04
8.099699085325977599e-01,5.944237427418819117e-05
8.105372174912122141e-01,3.724579555531993126e-05
8.111044839180799881e-01,1.018927467014172435e-04
8.116717078000947883e-01,2.073347431745797820e-04
8.122388891241503206e-01,1.756297146938133082e-04
8.128060278771404024e-01,2.995632071784998652e-04
8.133731240459590728e-01,8.000680609762698481e-04
8.139401776174995939e-01,7.010266185089890269e-04
8.145071885786562271e-01,1.973172552920951300e-04
8.150741569163224565e-01,9.647243546057026589e-05
8.156410826173922102e-01,3.929592979522607808e-05
8.162079656687591944e-01,9.411204635458630323e-05
8.167748060573172264e-01,6.432307601908486712e-05
8.173416037699600123e-01,5.760494341026846393e-05
8.179083587935814803e-01,4.527406945036267056e-05
8.184750711150752256e-01,6.836134963182271195e-05
8.190417407213352874e-01,6.748820681023189169e-05
8.196083675992552608e-01,7.250535245048985236e-05
8.201749517357287411e-01,6.008730927002323559e-05
8.207414931176499895e-01,7.043016161193286291e-05
8.213079917319123791e-01,5.233100840551192719e-05
8.218744475654098380e-01,8.110520614649737760e-05
8.224408606050361836e-01,5.083145089949148593e-05
8.230072308376850110e-01,6.710427858518954423e-05
8.235735582502503593e-01,5.944200293176016547e-05
8.241398428296259349e-01,8.091423295249903830e-05
8.247060845627053327e-01,9.366404254411660245e-05
8.252722834363824811e-01,1.301225573132940233e-04
8.258384394375511972e-01,3.126349669958546486e-04
8.264045525531051872e-01,4.734864517065818200e-04
8.269706227699382683e-01,3.357673901808741544e-04
8.275366500749442578e-01,1.105434445368954418e-04
8.281026344550167506e-01,1.093018592444109087e-04
8.286685758970497861e-01,8.811072510494564569e-05
8.292344743879368485e-01,8.734134329682716625e-04
8.298003299145720879e-01,2.993054186892493435e-03
8.303661424638489885e-01,2.534544274032530728e-03
8.309319120226614785e-01,5.886965976706838750e-04
8.314976385779032642e-01,1.721148944742759645e-04
8.320633221164680515e-01,1.135750808408980450e-04
8.326289626252497689e-01,9.053369415376980609e-05
8.331945600911422334e-01,9.559756413197937057e-05
8.337601145010390402e-01,8.543340870361631307e-05
8.343256258418340066e-01,1.002295762984476893e-04
8.348910941004210606e-01,1.182032895074236695e-04
8.354565192636939086e-01,1.753197125461502094e-04
8.360219013185461456e-01,4.889642883224527619e-04
8.365872402518719220e-01,1.293477615306887164e-03
8.371525360505647217e-01,9.137344969358926830e-03
8.377177887015183622e-01,1.741694106552842819e-02
8.382829981916266604e-01,8.836512930636119742e-03
8.388481645077835447e-01,1.419814363268475993e-03
8.394132876368826102e-01,3.809945830884995267e-04
8.399783675658177851e-01,1.937215136706466241e-04
8.405434042814826645e-01,2.176464633872094595e-04
8.411083977707710657e-01,1.080115054287124256e-03
8.416733480205768059e-01,2.682125514954764207e-03
8.422382550177937022e-01,1.867310887463340292e-03
8.428031187493155718e-01,3.721736117619530012e-04
8.433679392020360099e-01,1.378987154769582379e-04
8.439327163628490558e-01,1.122885097202591849e-04
8.444974502186484155e-01,8.969760168250171949e-05
8.450621407563275733e-01,8.204523960764082140e-05
8.456267879627807904e-01,2.100371880155783887e-04
8.461913918249014399e-01,4.179918757293261760e-04
8.467559523295834500e-01,2.893222957296436872e-04
8.473204694637206380e-01,1.887056453929679672e-04
8.478849432142068210e-01,2.350700758416025403e-04
8.484493735679357052e-01,8.533828565966311607e-04
8.490137605118009967e-01,6.419176034692926879e-03
8.495781040326967348e-01,1.002985902081065910e-02
8.501424041175162927e-01,4.114215320583337714e-03
8.507066607531539315e-01,7.183962006613719021e-04
8.512708739265030244e-01,1.888644131637947754e-04
8.518350436244574997e-01,1.505202442287814472e-04
8.523991698339111744e-01,9.166294057777184148e-05
8.529632525417578659e-01,9.679528745897496940e-05
8.535272917348911692e-01,1.050958270535126259e-04
8.540912874002050126e-01,1.986167060143931447e-04
8.546552395245932132e-01,2.364558250868047855e-04
8.552191480949494773e-01,7.109824359576743429e-05
8.557830130981675110e-01,9.411033417627433142e-05
8.563468345211412425e-01,6.347197712547364868e-05
8.569106123507643780e-01,1.663106211705986533e-04
8.574743465739307346e-01,1.908550237983833772e-04
8.580380371775340187e-01,3.020053527036153300e-04
8.586016841484680473e-01,1.380581293071518091e-03
8.591652874736265266e-01,2.128381514563243513e-03
8.597288471399034959e-01,9.130717550688473988e-04
8.602923631341924393e-01,1.768453260140718771e-04
8.608558354433872850e-01,9.405111720777617024e-05
8.614192640543817392e-01,6.312552749269586129e-05
8.619826489540696191e-01,1.548713615919835164e-04
8.625459901293447418e-01,6.207023659615648658e-04
8.631092875671009246e-01,2.932889718672379142e-03
8.636725412542317626e-01,3.199837945816324213e-03
8.642357511776311840e-01,1.213170191146650768e-03
8.647989173241930061e-01,2.248437197882667982e-03
8.653620396808108239e-01,4.100747857582585747e-03
8.659251182343785658e-01,2.369173280252899038e-03
8.664881529717900488e-01,4.583431591172388610e-04
8.670511438799388682e-01,2.797226913085501076e-04
8.676140909457190631e-01,1.275338222290110790e-03
8.681769941560241177e-01,1.808002401881980779e-03
8.687398534977479603e-01,7.944450437227564953e-04
8.693026689577845190e-01,1.753878686068416381e-04
8.698654405230272779e-01,2.366756705679475979e-04
8.704281681803702764e-01,3.138652642706447329e-04
8.709908519167069985e-01,1.768832727697708211e-04
8.715534917189315944e-01,3.865121143763791244e-05
8.721160875739375484e-01,1.400932237023947348e-05
8.726786394686187887e-01,8.772432098230380844e-05
8.732411473898691323e-01,3.978995700472909937e-05
8.738036113245821745e-01,1.236928065973708863e-05
8.743660312596518436e-01,7.935911547477432504e-05
8.749284071819718456e-01,4.866577092583189592e-05
8.754907390784361088e-01,3.496118370239609327e-06
8.760530269359382283e-01,1.361750951721530257e-04
8.766152707413720213e-01,4.054284288576577686e-04
8.771774704816313051e-01,1.861967337755779037e-03
8.777396261436098968e-01,6.742583074869541032e-03
8.783017377142013915e-01,7.499341882659844166e-03
8.788638051802999396e-01,2.514947873550717455e-03
8.794258285287989141e-01,4.806501419178885203e-04
8.799878077465923543e-01,1.462872581916444057e-04
8.805497428205740773e-01,1.341004696656152169e-04
8.811116337376374563e-01,3.536497043384969518e-05
8.816734804846768636e-01,7.186935505484008798e-05
8.822352830485855613e-01,6.377229333727086756e-05
8.827970414162575885e-01,1.166344031320854343e-04
8.833587555745866515e-01,1.544148746932652355e-04
8.839204255104666785e-01,1.149477175502166415e-04
8.844820512107912647e-01,5.505192920029404555e-04
8.850436326624542271e-01,2.431301201512396475e-03
8.856051698523494942e-01,2.690414273800262757e-03
8.861666627673705499e-01,2.003133332259336621e-03
8.867281113944115445e-01,1.658873730891222489e-03
8.872895157203659622e-01,5.306876191324668215e-04
8.878508757321276201e-01,1.382566237586385031e-04
8.884121914165904466e-01,2.600124997090343007e-05
8.889734627606481476e-01,6.781654603017099115e-05
8.895346897511944295e-01,3.554247219633093846e-05
8.900958723751231094e-01,4.390019855518377924e-05
8.906570106193281156e-01,3.295507754095526349e-05
8.912181044707030431e-01,2.946202358161083344e-04
8.917791539161417091e-01,7.479293356702403431e-04
8.923401589425379310e-01,5.197187435683562609e-04
8.929011195367855258e-01,1.579624854160856262e-04
8.934620356857780887e-01,4.111046393508873499e-05
8.940229073764096590e-01,4.793391749333150253e-05
8.945837345955739428e-01,7.631526256468680678e-05
8.951445173301645353e-01,3.870488599962437586e-05
8.957052555670753646e-01,1.297738449662895597e-05
8.962659492932002481e-01,1.944576810333120792e-05
8.968265984954328918e-01,3.404347530110912528e-05
8.973872031606671129e-01,3.671503302787113151e-05
8.979477632757967287e-01,2.607702759538274009e-05
8.985082788277153343e-01,1.731132274246242116e-04
8.990687498033169689e-01,1.495221440127352181e-04
8.996291761894952277e-01,3.049949313476234134e-05
9.001895579731439279e-01,4.867340611904235969e-05
9.007498951411568866e-01,3.085603038216406027e-05
9.013101876804278101e-01,5.305480699424567638e-05
9.018704355778507376e-01,2.404776308720602213e-05
9.024306388203190421e-01,0.000000000000000000e+00
9.029907973947267630e-01,2.021884671106505637e-05
9.035509112879677174e-01,6.706577393711233670e-05
9.041109804869355004e-01,2.724071384705148760e-05
9.046710049785239294e-01,0.000000000000000000e+00
9.052309847496269324e-01,6.787524556448057086e-05
9.057909197871381046e-01,3.939435895043692890e-05
9.063508100779514853e-01,2.907699685729674905e-05
9.069106556089605586e-01,2.694344165029987457e-05
9.074704563670592528e-01,7.145630888013337271e-05
9.080302123391412739e-01,2.676870604117059776e-06
9.085899235121005502e-01,3.313310420751835637e-05
9.091495898728306768e-01,0.000000000000000000e+00
9.097092114082255820e-01,0.000000000000000000e+00
9.102687881051789720e-01,3.221679270402132259e-06
9.108283199505846639e-01,1.592795104808681251e-05
9.113878069313363639e-01,9.399400570828774632e-06
9.119472490343280002e-01,1.493675595550884432e-05
9.125066462464532790e-01,1.743872381562995502e-06
9.130659985546057955e-01,1.445535970967352923e-05
9.136253059456795889e-01,3.329946533287763229e-05
9.141845684065682542e-01,3.976214306925360720e-04
9.147437859241658309e-01,9.907389747012568942e-04
9.153029584853656919e-01,6.096311462804551067e-04
9.158620860770620986e-01,1.095163468657779621e-04
9.164211686861485351e-01,5.217705210661431685e-05
9.169802062995185965e-01,4.674998261269716453e-05
9.175391989040665441e-01,0.000000000000000000e+00
9.180981464866857511e-01,3.234103626845760519e-05
9.186570490342702566e-01,9.194000441055241236e-05
9.192159065337136559e-01,8.984871031736898117e-05
9.197747189719099881e-01,5.861321606355230631e-04
9.203334863357527373e-01,7.255011552110793727e-04
9.208922086121357209e-01,2.451598309597712629e-04
9.214508857879529780e-01,3.725864202795510158e-04
9.220095178500979927e-01,7.289440514927883648e-04
9.225681047854646932e-01,5.047076432773535491e-04
9.231266465809468968e-01,1.520694626818033086e-04
9.236851432234381987e-01,3.131169335600782704e-06
9.242435946998325269e-01,2.521584868024927462e-05
9.248020009970236988e-01,9.321018149917027380e-06
9.253603621019054204e-01,0.000000000000000000e+00
9.259186780013713980e-01,2.752816675418492468e-05
9.264769486823155598e-01,0.000000000000000000e+00
9.270351741316316119e-01,5.069956693142714125e-06
9.275933543362133715e-01,6.925952528307073846e-05
9.281514892829544339e-01,7.510309521043915810e-05
9.287095789587489492e-01,8.983058561933724253e-05
9.292676233504904015e-01,1.237760040565002821e-04
9.298256224450726082e-01,7.003429400668085333e-04
9.303835762293893863e-01,6.466126022210941411e-04
9.309414846903345531e-01,4.087210297009417036e-04
9.314993478148018147e-01,3.803588343896380773e-04
9.320571655896850993e-01,4.297252978604120042e-04
9.326149380018780022e-01,5.298019886010235180e-04
9.331726650382743404e-01,2.916565924386472402e-04
9.337303466857679313e-01,1.100399516873908345e-04
9.342879829312525919e-01,3.737599263720567524e-05
9.348455737616220285e-01,0.000000000000000000e+00
9.354031191637701692e-01,0.000000000000000000e+00
9.359606191245906093e-01,2.386330501734578401e-05
9.365180736309772769e-01,1.255014941940672097e-04
9.370754826698237672e-01,1.886358541261605448e-04
9.376328462280241194e-01,1.411197995043937485e-04
9.381901642924718177e-01,1.121189686092823534e-04
9.387474368500607902e-01,2.558798928469100200e-05
9.393046638876849652e-01,3.350253296433202207e-05
9.398618453922378269e-01,2.280197638448692733e-05
9.404189813506133033e-01,2.889503260109211770e-05
9.409760717497053228e-01,5.348086574174518908e-05
9.415331165764073695e-01,1.583753313378837664e-04
9.420901158176134826e-01,3.960595003610023978e-04
9.426470694602171463e-01,5.500411321968225273e-04
9.432039774911125107e-01,2.049429366361062437e-04
9.437608398971930601e-01,3.126541361455528447e-05
9.443176566653527226e-01,5.812033185140812110e-05
9.448744277824852045e-01,7.463743308870461222e-05
9.454311532354843228e-01,1.938425286118090614e-04
9.459878330112438949e-01,3.030088377517044435e-04
9.465444670966576268e-01,1.534970020955935530e-04
9.471010554786194469e-01,7.903576972364080089e-05
9.476575981440229501e-01,4.948618730844800157e-05
9.482140950797619539e-01,8.648558759234996254e-05
9.487705462727302752e-01,2.601195512173306310e-04
9.493269517098216204e-01,1.195598679533547759e-05
9.498833113779299175e-01,5.609852390296145660e-05
9.504396252639488729e-01,3.937018975053588544e-05
9.509958933547721927e-01,4.440542319748770660e-05
9.515521156372938050e-01,5.402606553676773845e-05
9.521082920984074160e-01,5.672161110292770928e-05
9.526644227250067321e-01,3.121688288747153750e-04
9.532205075039856812e-01,6.480682457675108511e-04
9.537765464222378586e-01,4.663019646354493925e-04
9.543325394666571926e-01,4.477924099809899917e-04
9.548884866241373892e-01,3.759094802407770587e-04
9.554443878815723767e-01,1.751151331192120440e-04
9.560002432258557503e-01,6.697029378181924267e-05
9.565560526438812161e-01,3.910733546821333146e-05
9.571118161225429244e-01,6.353383529312002097e-05
9.576675336487342483e-01,1.304712759058556759e-04
9.582232052093492269e-01,4.039142030641225330e-05
9.587788307912815666e-01,2.110658512024583171e-05
9.593344103814249735e-01,1.643123473855273890e-05
9.598899439666732647e-01,3.097271668550119554e-05
9.604454315339203685e-01,4.838016344940349473e-05
9.610008730700598800e-01,3.613064032590779717e-05
9.615562685619856165e-01,3.413633544910909591e-05
9.621116179965913950e-01,9.918272822417151637e-05
9.626669213607710329e-01,7.730165867581596784e-05
9.632221786414182363e-01,1.528238743882846882e-04
9.637773898254267113e-01,3.156186723422722557e-05
9.643325548996904972e-01,0.000000000000000000e+00
9.648876738511033002e-01,3.223821571399275530e-05
9.654427466665586044e-01,9.120402760686741083e-05
9.659977733329505600e-01,2.912773024019465790e-04
9.665527538371725402e-01,4.664441682324351932e-04
9.671076881661186952e-01,2.752949523559295071e-04
9.676625763066827313e-01,3.583160050000061222e-05
9.682174182457582434e-01,5.055163127659494848e-06
9.687722139702392710e-01,1.414680428298043374e-05
9.693269634670194090e-01,5.125218737607976368e-05
9.698816667229924748e-01,5.968489338941291726e-05
9.704363237250522856e-01,5.152941516767050667e-06
9.709909344600926584e-01,0.000000000000000000e+00
9.715454989150071885e-01,3.250435027961944343e-05
9.721000170766899151e-01,0.000000000000000000e+00
9.726544889320344334e-01,0.000000000000000000e+00
9.732089144679346715e-01,3.070644704470943903e-07
9.737632936712841136e-01,4.024796181376111856e-05
9.743176265289769100e-01,5.097393888231020991e-05
9.748719130279066558e-01,0.000000000000000000e+00
9.754261531549671682e-01,5.101596803726108769e-05
9.759803468970520424e-01,7.617268592048122289e-05
9.765344942410554285e-01,0.000000000000000000e+00
9.770885951738708108e-01,6.986405066648335887e-05
9.776426496823921175e-01,3.079612373216642071e-05
9.781966577535129437e-01,4.250098886305290748e-05
9.787506193741273286e-01,8.622453203094108536e-06
9.793045345311287564e-01,9.590313430599101780e-05
9.798584032114113773e-01,4.298565234868805787e-05
9.804122254018685645e-01,4.854540763254697322e-06
9.809660010893943571e-01,2.988412933288905763e-04
9.815197302608825725e-01,8.961920240111469129e-05
9.820734129032269166e-01,6.242673022596909006e-05
9.826270490033209848e-01,0.000000000000000000e+00
9.831806385480588162e-01,0.000000000000000000e+00
9.837341815243341170e-01,2.961864964406415993e-05
9.842876779190405934e-01,2.066419673007688102e-05
9.848411277190720625e-01,9.556362513885529285e-05
9.853945309113222306e-01,2.753073345381794310e-05
9.859478874826851369e-01,0.000000000000000000e+00
9.865011974200542655e-01,8.472032311037595419e-05
9.870544607103236556e-01,0.000000000000000000e+00
9.876076773403869025e-01,7.878355381431903775e-05
9.881608472971377122e-01,4.628009634028635894e-05
9.887139705674701240e-01,7.763555457037793950e-05
9.892670471382777331e-01,8.625605977868510343e-05
9.898200769964543566e-01,0.000000000000000000e+00
9.903730601288937008e-01,0.000000000000000000e+00
9.909259965224898048e-01,1.344939113482756110e-05
9.914788861641361528e-01,0.000000000000000000e+00
9.920317290407266730e-01,0.000000000000000000e+00
9.925845251391551827e-01,1.277986061476367344e-04
9.931372744463152769e-01,6.772093101335302262e-05
9.936899769491009948e-01,3.227630900660655806e-05
9.942426326344058207e-01,0.000000000000000000e+00
9.947952414891237938e-01,1.489705051171799786e-06
9.953478035001485091e-01,6.999429769312716929e-05
9.959003186543738950e-01,0.000000000000000000e+00
9.964527869386936576e-01,0.000000000000000000e+00
9.970052083400016141e-01,7.827043441159234523e-05
9.975575828451914706e-01,0.000000000000000000e+00
9.981099104411570444e-01,1.896417765848798130e-04
9.986621911147921526e-01,8.136713882294029402e-05
9.992144248529903905e-01,3.428027863219773542e-05
9.997666116426459082e-01,1.287900073159957556e-04
1.000318751470652190e+00,4.624774754694623290e-05
1.000870844323903164e+00,1.215091219604102547e-04
1.001422890189292314e+00,1.221064561627080024e-04
1.001974889053713902e+00,8.134292731090720811e-06
1.002526840904061300e+00,7.804840096069812433e-05
1.003078745727228549e+00,1.967593842193101131e-04
1.003630603510109243e+00,6.442284138689054001e-05
1.004182414239597199e+00,2.894950099136437099e-04
1.004734177902586234e+00,1.179182424952587551e-04
1.005285894485970166e+00,0.000000000000000000e+00
1.005837563976642812e+00,2.386867189323633467e-04
1.006389186361497767e+00,2.115696899442961326e-04
1.006940761627429071e+00,1.752015384357142734e-04
1.007492289761330317e+00,6.919855390183741203e-05
1.008043770750095103e+00,2.446756927918597121e-04
1.008595204580617688e+00,6.318895362233432965e-05
1.009146591239791446e+00,2.689682438020272426e-05
1.009697930714510417e+00,5.829354679670490513e-05
1.010249222991668194e+00,1.313639095516874213e-04
1.010800468058158597e+00,4.313808004246657635e-04
1.011351665900875441e+00,1.672756167849150663e-04
1.011902816506712544e+00,1.594799944367667876e-04
1.012453919862563723e+00,1.907230875114090723e-04
1.013004975955322573e+00,1.796094983101058330e-04
1.013555984771883134e+00,1.347796073278606282e-04
1.014106946299138778e+00,2.027811619706196104e-04
1.014657860523983768e+00,2.653951802875131384e-04
1.015208727433311475e+00,2.375294351037812604e-04
1.015759547014015940e+00,1.249073217693077607e-05
1.016310319252990979e+00,2.740236997621188302e-04
1.016861044137130188e+00,7.297686887204153574e-05
1.017411721653327383e+00,1.732577028992045645e-04
1.017962351788476383e+00,1.703810977654302938e-04
1.018512934529471003e+00,2.172549918391918360e-04
1.019063469863204840e+00,8.761213769565988796e-05
1.019613957776571933e+00,1.303734450202799922e-04
1.020164398256465876e+00,2.065311487450665348e-04
1.020714791289780710e+00,1.888498910899513326e-04
1.021265136863409806e+00,1.599077668755258220e-04
1.021815434964247205e+00,2.643300154332261067e-04
1.022365685579186723e+00,3.066142135199005202e-05
1.022915888695121955e+00,1.312212370439101044e-04
1.023466044298946942e+00,2.168960871562102054e-04
1.024016152377555056e+00,1.610648915368902807e-04
1.024566212917840557e+00,1.598753504126616590e-05
1.025116225906696821e+00,2.810886317631261641e-04
1.025666191331017885e+00,1.694433761347547822e-05
1.026216109177697566e+00,5.251817311390714850e-05
1.026765979433629461e+00,4.450460666444401505e-05
1.027315802085707164e+00,3.958705279161094169e-04
1.027865577120825158e+00,2.595543551568200795e-04
1.028415304525876373e+00,2.589824594581837335e-04
1.028964984287755291e+00,1.346174610823028608e-04
1.029514616393355064e+00,0.000000000000000000e+00
1.030064200829569954e+00,1.454935836644707494e-06
1.030613737583293554e+00,0.000000000000000000e+00
1.031163226641419683e+00,9.142518601617944242e-05
1.031712667990842158e+00,1.486630603499396685e-04
1.032262061618454796e+00,2.301264545249859933e-04
1.032811407511150970e+00,0.000000000000000000e+00
1.033360705655825162e+00,3.378165463391423896e-04
1.033909956039370526e+00,5.360531117952831804e-05
1.034459158648681099e+00,5.768033174725134337e-05
1.035008313470650698e+00,1.410617453757537169e-05
1.035557420492172920e+00,1.739205470879230480e-05
1.036106479700141803e+00,7.650044256612146187e-05
1.036655491081450942e+00,4.894101338812679680e-06
1.037204454622994376e+00,0.000000000000000000e+00
1.037753370311665480e+00,0.000000000000000000e+00
1.038302238134358291e+00,0.000000000000000000e+00
1.038851058077966405e+00,0.000000000000000000e+00
1.039399830129383862e+00,2.063258839294011918e-05
1.039948554275504478e+00,1.284753491127943567e-04
1.040497230503221848e+00,0.000000000000000000e+00
1.041045858799429347e+00,4.172037244169570815e-04
1.041594439151021678e+00,7.387648016013128068e-06
1.042142971544891994e+00,0.000000000000000000e+00
1.042691455967933889e+00,5.327954807830979011e-05
1.043239892407041625e+00,0.000000000000000000e+00
1.043788280849109018e+00,2.484547914331272081e-04
1.044336621281029442e+00,0.000000000000000000e+00
1.044884913689696937e+00,0.000000000000000000e+00
1.045433158062005319e+00,1.634782195859318715e-04
1.045981354384848183e+00,0.000000000000000000e+00
1.046529502645119569e+00,1.755270716587906382e-04
1.047077602829712850e+00,5.024950319083555618e-04
1.047625654925522065e+00,6.813454008560227218e-04
1.048173658919440809e+00,0.000000000000000000e+00
1.048721614798363344e+00,0.000000000000000000e+00
1.049269522549183042e+00,0.000000000000000000e+00
1.049817382158793944e+00,0.000000000000000000e+00
1.050365193614089421e+00,2.028394158568843969e-04
1.050912956901963513e+00,1.667921801309982775e-04
1.051460672009310038e+00,2.788878681094753790e-04
1.052008338923022590e+00,8.416801967137016753e-04
1.052555957629995209e+00,4.732343769442792867e-04
1.053103528117121490e+00,1.189480381176935450e-04
1.053651050371295250e+00,4.430328311235527889e-04
1.054198524379410085e+00,1.679998925498757802e-04
1.054745950128360477e+00,0.000000000000000000e+00
1.055293327605039355e+00,2.552790275826104238e-04
1.055840656796340982e+00,7.553571217583089593e-04
1.056387937689158729e+00,1.604941695370243782e-04
1.056935170270386859e+00,3.488130490376621781e-04
1.057482354526918966e+00,0.000000000000000000e+00
1.058029490445648646e+00,3.150469614530840095e-04
1.058576578013469938e+00,0.000000000000000000e+00
1.059123617217276658e+00,5.534604098071463103e-04
1.059670608043962403e+00,0.000000000000000000e+00
1.060217550480420989e+00,7.016112824420435911e-04
1.060764444513545790e+00,5.978329437285297761e-05
1.061311290130231511e+00,3.952193659819570729e-04
1.061858087317371302e+00,4.266802302749771745e-04
1.062404836061858981e+00,3.303693786351845200e-04
1.062951536350588366e+00,5.936704728679399268e-04
1.063498188170453496e+00,1.052363784421586260e-04
1.064044791508347743e+00,8.621482060407996287e-04
1.064591346351165146e+00,1.936739333484590946e-04
1.065137852685799302e+00,5.232465307892129273e-04
1.065684310499144249e+00,1.754626933864430788e-04
1.066230719778093583e+00,4.453862023845852540e-04
1.066777080509541120e+00,7.633326498936673400e-04
1.067323392680380678e+00,3.106773216760622320e-04
1.067869656277506074e+00,3.218348489964583227e-04
1.068415871287810903e+00,8.075270552540042210e-04
1.068962037698189205e+00,9.537048458036159358e-04
1.069508155495534352e+00,0.000000000000000000e+00
1.070054224666740605e+00,6.089047176396900334e-04
1.070600245198701339e+00,7.188035225677936796e-04
1.071146217078310592e+00,9.594406376702450468e-04
1.071692140292461959e+00,5.640423827777193023e-04
1.072238014828049701e+00,6.170820004214448056e-04
1.072783840671966971e+00,0.000000000000000000e+00
1.073329617811107806e+00,4.156017281914193076e-04
1.073875346232366246e+00,5.649355226325516273e-04
1.074421025922635442e+00,4.336584555531684446e-04
1.074966656868809656e+00,7.309400977285784493e-05
1.075512239057782704e+00,0.000000000000000000e+00
1.076057772476447960e+00,7.048682289743241893e-04
1.076603257111699907e+00,5.963161865606287628e-04
1.077148692950431474e+00,5.380879464721259609e-04
1.077694079979536923e+00,1.304256089046969182e-03
1.078239418185909848e+00,1.183876799549106549e-03
1.078784707556444289e+00,2.168870133991819364e-04
1.079329948078034063e+00,0.000000000000000000e+00
1.079875139737572542e+00,1.911966060354087908e-04
1.080420282521953768e+00,1.167886564927454133e-03
1.080965376418071333e+00,0.000000000000000000e+00
1.081510421412819722e+00,2.175194480664009060e-04
1.082055417493091420e+00,0.000000000000000000e+00
1.082600364645781355e+00,0.000000000000000000e+00
1.083145262857782898e+00,1.033100310521098322e-03
1.083690112115989646e+00,2.424529958766547032e-04
1.084234912407295637e+00,5.457669076271621676e-04
1.084779663718594689e+00,8.376585185482485251e-04
1.085324366036780175e+00,9.093844868648251001e-04
1.085869019348746578e+00,4.612477890558724231e-04
1.086413623641387050e+00,1.426562058569609239e-05
1.086958178901595629e+00,8.470179473641795478e-04
1.087502685116265910e+00,0.000000000000000000e+00
1.088047142272291934e+00,2.242948285921602075e-04
1.088591550356567295e+00,4.639501150264603905e-04
1.089135909355985810e+00,5.796791757839746609e-04
1.089680219257441518e+00,7.901413201645109607e-04
1.090224480047828015e+00,7.395657012578490692e-04
1.090768691714038674e+00,6.684181994757142087e-04
1.091312854242967756e+00,3.237511156454137614e-04
1.091856967621509078e+00,3.205296867923268468e-04
1.092401031836556013e+00,1.822951263210927401e-03
1.092945046875002824e+00,0.000000000000000000e+00
1.093489012723742881e+00,0.000000000000000000e+00
1.094032929369670226e+00,3.758480906723545771e-04
1.094576796799678675e+00,4.719499289267572832e-04
1.095120615000661823e+00,1.565040674690675572e-14
1.095664383959513266e+00,8.137265864478904110e-14
1.096208103663127265e+00,6.718799996179489441e-14
1.096751774098397414e+00,1.806652694257643500e-13
1.097295395252217309e+00,6.151413648859613007e-14
1.097838967111480990e+00,1.877575987672614296e-13
1.098382489663082051e+00,9.413885145948487247e-14
1.098925962893914532e+00,3.787303868360227578e-14
1.099469386790871583e+00,1.130517297034788856e-13
1.100012761340847689e+00,8.751934407409261234e-14
